7.349540293216705322e-02,-2.738489955663681030e-02,-7.840260118246078491e-02,1.629000008106231689e-01,-7.076280191540718079e-03,7.349540293216705322e-02,-2.738489955663681030e-02,-7.840260118246078491e-02,1.629000008106231689e-01,-7.076280191540718079e-03,-1.923869922757148743e-02,-3.009999915957450867e-02,-8.013150095939636230e-02,8.049999922513961792e-02,1.304450035095214844e-01,1.500000000000000000e+00,0.000000000000000000e+00
7.646220177412033081e-02,-2.370410040020942688e-02,-6.744249910116195679e-02,1.661919951438903809e-01,7.503670174628496170e-03,7.646220177412033081e-02,-2.370410040020942688e-02,-6.744249910116195679e-02,1.661919951438903809e-01,7.503670174628496170e-03,-1.302849967032670975e-02,-4.120000079274177551e-02,-8.182240277528762817e-02,7.519999891519546509e-02,1.777520030736923218e-01,1.500000000000000000e+00,1.000000000000000000e+01
7.084990292787551880e-02,-2.135270088911056519e-02,-6.254330277442932129e-02,1.625889986753463745e-01,1.862099952995777130e-02,7.084990292787551880e-02,-2.135270088911056519e-02,-6.254330277442932129e-02,1.625889986753463745e-01,1.862099952995777130e-02,-8.436050266027450562e-03,-5.730000138282775879e-02,-8.598359674215316772e-02,6.979999691247940063e-02,1.998839974403381348e-01,1.500000000000000000e+00,2.000000000000000000e+01
5.822160094976425171e-02,-2.055029943585395813e-02,-6.636559963226318359e-02,1.513549983501434326e-01,2.799269929528236389e-02,5.822160094976425171e-02,-2.055029943585395813e-02,-6.636559963226318359e-02,1.513549983501434326e-01,2.799269929528236389e-02,-5.307530052959918976e-03,-7.590000331401824951e-02,-9.133409708738327026e-02,6.660000234842300415e-02,1.872169971466064453e-01,1.500000000000000000e+00,3.000000000000000000e+01
4.056639969348907471e-02,-2.181980013847351074e-02,-7.820919901132583618e-02,1.354199945926666260e-01,3.649840131402015686e-02,4.056639969348907471e-02,-2.181980013847351074e-02,-7.820919901132583618e-02,1.354199945926666260e-01,3.649840131402015686e-02,-3.057159949094057083e-03,-9.549999982118606567e-02,-9.703219681978225708e-02,6.689999997615814209e-02,1.417170017957687378e-01,1.500000000000000000e+00,4.000000000000000000e+01
2.021569944918155670e-02,-2.535570040345191956e-02,-9.403680264949798584e-02,1.185320019721984863e-01,4.360989853739738464e-02,2.021569944918155670e-02,-2.535570040345191956e-02,-9.403680264949798584e-02,1.185320019721984863e-01,4.360989853739738464e-02,-6.251920131035149097e-04,-1.140000000596046448e-01,-1.015880033373832703e-01,7.100000232458114624e-02,8.047270029783248901e-02,1.500000000000000000e+00,5.000000000000000000e+01
-9.794549550861120224e-04,-3.080880083143711090e-02,-1.098679974675178528e-01,1.042340025305747986e-01,4.714690148830413818e-02,-9.794549550861120224e-04,-3.080880083143711090e-02,-1.098679974675178528e-01,1.042340025305747986e-01,4.714690148830413818e-02,3.279170021414756775e-03,-1.309999972581863403e-01,-1.029580011963844299e-01,7.919999957084655762e-02,2.544599957764148712e-02,1.500000000000000000e+00,6.000000000000000000e+01
-2.250419929623603821e-02,-3.712309896945953369e-02,-1.236689984798431396e-01,9.562789648771286011e-02,4.185149818658828735e-02,-2.250419929623603821e-02,-3.712309896945953369e-02,-1.236689984798431396e-01,9.562789648771286011e-02,4.185149818658828735e-02,9.995370171964168549e-03,-1.420000046491622925e-01,-1.002129986882209778e-01,9.170000255107879639e-02,-7.913859561085700989e-03,1.500000000000000000e+00,7.000000000000000000e+01
-4.375680163502693176e-02,-4.235589876770973206e-02,-1.335359960794448853e-01,9.514959901571273804e-02,2.852110005915164948e-02,-4.375680163502693176e-02,-4.235589876770973206e-02,-1.335359960794448853e-01,9.514959901571273804e-02,2.852110005915164948e-02,2.008749917149543762e-02,-1.469999998807907104e-01,-9.449910372495651245e-02,1.080000028014183044e-01,-1.616149954497814178e-02,1.500000000000000000e+00,8.000000000000000000e+01
-6.362099945545196533e-02,-4.436450079083442688e-02,-1.368110030889511108e-01,1.064940020442008972e-01,1.455700024962425232e-02,-6.362099945545196533e-02,-4.436450079083442688e-02,-1.368110030889511108e-01,1.064940020442008972e-01,1.455700024962425232e-02,3.320569917559623718e-02,-1.430000066757202148e-01,-8.792710304260253906e-02,1.260000020265579224e-01,-7.748929783701896667e-03,1.500000000000000000e+00,9.000000000000000000e+01
-7.469300180673599243e-02,-1.376689970493316650e-01,-7.010769844055175781e-02,1.605529934167861938e-01,1.439650058746337891e-01,-7.469300180673599243e-02,-1.376689970493316650e-01,-7.010769844055175781e-02,1.605529934167861938e-01,1.439650058746337891e-01,-1.078609973192214966e-01,-3.319999948143959045e-02,-1.065760031342506409e-01,6.109999865293502808e-02,9.761299937963485718e-02,1.500000000000000000e+00,1.000000000000000000e+02
-8.017490059137344360e-02,-4.190700128674507141e-02,-1.323989927768707275e-01,1.316930055618286133e-01,4.591499920934438705e-03,-8.017490059137344360e-02,-4.190700128674507141e-02,-1.323989927768707275e-01,1.316930055618286133e-01,4.591499920934438705e-03,4.798400029540061951e-02,-1.330000013113021851e-01,-8.199559897184371948e-02,1.420000046491622925e-01,5.504580214619636536e-03,1.500000000000000000e+00,1.100000000000000000e+02
-9.110949933528900146e-02,-3.504249826073646545e-02,-1.223269999027252197e-01,1.662040054798126221e-01,-1.448799972422420979e-03,-9.110949933528900146e-02,-3.504249826073646545e-02,-1.223269999027252197e-01,1.662040054798126221e-01,-1.448799972422420979e-03,6.244060024619102478e-02,-1.199999973177909851e-01,-7.738889753818511963e-02,1.519999951124191284e-01,1.620670035481452942e-02,1.500000000000000000e+00,1.200000000000000000e+02
-9.495340287685394287e-02,-2.601660043001174927e-02,-1.102150008082389832e-01,1.994020044803619385e-01,-6.418549921363592148e-03,-9.495340287685394287e-02,-2.601660043001174927e-02,-1.102150008082389832e-01,1.994020044803619385e-01,-6.418549921363592148e-03,7.453119754791259766e-02,-1.040000021457672119e-01,-7.506660372018814087e-02,1.570000052452087402e-01,2.422259934246540070e-02,1.500000000000000000e+00,1.300000000000000000e+02
-9.132889658212661743e-02,-1.801219955086708069e-02,-9.900510311126708984e-02,2.191780060529708862e-01,-1.257679983973503113e-02,-9.132889658212661743e-02,-1.801219955086708069e-02,-9.900510311126708984e-02,2.191780060529708862e-01,-1.257679983973503113e-02,8.246169984340667725e-02,-8.889999985694885254e-02,-7.652950286865234375e-02,1.599999964237213135e-01,3.201280161738395691e-02,1.500000000000000000e+00,1.400000000000000000e+02
-8.054430037736892700e-02,-1.422359980642795563e-02,-9.175910055637359619e-02,2.171009927988052368e-01,-1.860260032117366791e-02,-8.054430037736892700e-02,-1.422359980642795563e-02,-9.175910055637359619e-02,2.171009927988052368e-01,-1.860260032117366791e-02,8.479209989309310913e-02,-7.400000095367431641e-02,-8.239419758319854736e-02,1.630000025033950806e-01,3.814699873328208923e-02,1.500000000000000000e+00,1.500000000000000000e+02
-6.353370100259780884e-02,-1.657499931752681732e-02,-9.166359901428222656e-02,1.940480023622512817e-01,-1.972310058772563934e-02,-6.353370100259780884e-02,-1.657499931752681732e-02,-9.166359901428222656e-02,1.940480023622512817e-01,-1.972310058772563934e-02,8.068189769983291626e-02,-6.019999831914901733e-02,-9.127510339021682739e-02,1.640000045299530029e-01,3.785799816250801086e-02,1.500000000000000000e+00,1.600000000000000000e+02
-4.104280099272727966e-02,-2.389970049262046814e-02,-9.916090220212936401e-02,1.611140072345733643e-01,-6.263529881834983826e-03,-4.104280099272727966e-02,-2.389970049262046814e-02,-9.916090220212936401e-02,1.611140072345733643e-01,-6.263529881834983826e-03,7.010939717292785645e-02,-4.870000109076499939e-02,-1.007120013236999512e-01,1.609999984502792358e-01,3.040770068764686584e-02,1.500000000000000000e+00,1.700000000000000000e+02
-1.488040015101432800e-02,-3.282370045781135559e-02,-1.114329993724822998e-01,1.314499974250793457e-01,2.436579950153827667e-02,-1.488040015101432800e-02,-3.282370045781135559e-02,-1.114329993724822998e-01,1.314499974250793457e-01,2.436579950153827667e-02,5.397890135645866394e-02,-3.999999910593032837e-02,-1.089010015130043030e-01,1.529999971389770508e-01,2.016310021281242371e-02,1.500000000000000000e+00,1.800000000000000000e+02
1.150320004671812057e-02,-3.887329995632171631e-02,-1.241019964218139648e-01,1.123899966478347778e-01,5.295909941196441650e-02,1.150320004671812057e-02,-3.887329995632171631e-02,-1.241019964218139648e-01,1.123899966478347778e-01,5.295909941196441650e-02,3.414399921894073486e-02,-3.469999879598617554e-02,-1.147880032658576965e-01,1.439999938011169434e-01,1.062390021979808807e-02,1.500000000000000000e+00,1.900000000000000000e+02
3.296279907226562500e-02,-3.847210109233856201e-02,-1.330060064792633057e-01,1.039059981703758240e-01,6.136599928140640259e-02,3.296279907226562500e-02,-3.847210109233856201e-02,-1.330060064792633057e-01,1.039059981703758240e-01,6.136599928140640259e-02,1.245599985122680664e-02,-3.280000016093254089e-02,-1.178330034017562866e-01,1.360000073909759521e-01,1.905760029330849648e-03,1.500000000000000000e+00,2.000000000000000000e+02
-8.629780262708663940e-02,-1.342359930276870728e-01,-8.167369663715362549e-02,1.668010056018829346e-01,2.131440043449401855e-01,-8.629780262708663940e-02,-1.342359930276870728e-01,-8.167369663715362549e-02,1.668010056018829346e-01,2.131440043449401855e-01,-1.087440028786659241e-01,-3.269999846816062927e-02,-1.107160001993179321e-01,5.070000141859054565e-02,7.908110320568084717e-02,1.500000000000000000e+00,2.100000000000000000e+02
4.448270052671432495e-02,-3.066720068454742432e-02,-1.347379982471466064e-01,1.010039970278739929e-01,5.413670092821121216e-02,4.448270052671432495e-02,-3.066720068454742432e-02,-1.347379982471466064e-01,1.010039970278739929e-01,5.413670092821121216e-02,-9.250500239431858063e-03,-3.339999914169311523e-02,-1.177200004458427429e-01,1.330000013113021851e-01,-5.937799811363220215e-03,1.500000000000000000e+00,2.200000000000000000e+02
4.409449920058250427e-02,-1.807129941880702972e-02,-1.274590045213699341e-01,9.894049912691116333e-02,3.819070011377334595e-02,4.409449920058250427e-02,-1.807129941880702972e-02,-1.274590045213699341e-01,9.894049912691116333e-02,3.819070011377334595e-02,-2.990950085222721100e-02,-3.539999946951866150e-02,-1.148039996623992920e-01,1.319999992847442627e-01,-1.108259987086057663e-02,1.500000000000000000e+00,2.300000000000000000e+02
3.262640163302421570e-02,-6.760830059647560120e-03,-1.126649975776672363e-01,9.818950295448303223e-02,1.238350011408329010e-02,3.262640163302421570e-02,-6.760830059647560120e-03,-1.126649975776672363e-01,9.818950295448303223e-02,1.238350011408329010e-02,-4.869480058550834656e-02,-3.770000115036964417e-02,-1.102740019559860229e-01,1.299999952316284180e-01,-1.133340038359165192e-02,1.500000000000000000e+00,2.400000000000000000e+02
1.382180023938417435e-02,-4.053459968417882919e-03,-9.431400150060653687e-02,1.045359969139099121e-01,-1.658529974520206451e-02,1.382180023938417435e-02,-4.053459968417882919e-03,-9.431400150060653687e-02,1.045359969139099121e-01,-1.658529974520206451e-02,-6.535690277814865112e-02,-3.920000046491622925e-02,-1.057669967412948608e-01,1.250000000000000000e-01,-5.916120018810033798e-03,1.500000000000000000e+00,2.500000000000000000e+02
-8.832070045173168182e-03,-1.419300027191638947e-02,-7.750350236892700195e-02,1.224209964275360107e-01,-2.203240059316158295e-02,-8.832070045173168182e-03,-1.419300027191638947e-02,-7.750350236892700195e-02,1.224209964275360107e-01,-2.203240059316158295e-02,-7.985760271549224854e-02,-3.909999877214431763e-02,-1.028760001063346863e-01,1.140000000596046448e-01,5.231869872659444809e-03,1.500000000000000000e+00,2.600000000000000000e+02
-3.352760151028633118e-02,-3.633920103311538696e-02,-6.695009768009185791e-02,1.481090039014816284e-01,1.635430008172988892e-02,-3.352760151028633118e-02,-3.633920103311538696e-02,-6.695009768009185791e-02,1.481090039014816284e-01,1.635430008172988892e-02,-9.197910130023956299e-02,-3.770000115036964417e-02,-1.024810001254081726e-01,9.790000319480895996e-02,2.008269913494586945e-02,1.500000000000000000e+00,2.700000000000000000e+02
-5.859079957008361816e-02,-6.532719731330871582e-02,-6.542050093412399292e-02,1.716669946908950806e-01,8.413709700107574463e-02,-5.859079957008361816e-02,-6.532719731330871582e-02,-6.542050093412399292e-02,1.716669946908950806e-01,8.413709700107574463e-02,-1.012969985604286194e-01,-3.530000150203704834e-02,-1.047329977154731750e-01,8.039999753236770630e-02,3.373790159821510315e-02,1.500000000000000000e+00,2.800000000000000000e+02
-8.151309937238693237e-02,-9.375110268592834473e-02,-7.250689715147018433e-02,1.845570057630538940e-01,1.560139954090118408e-01,-8.151309937238693237e-02,-9.375110268592834473e-02,-7.250689715147018433e-02,1.845570057630538940e-01,1.560139954090118408e-01,-1.067640036344528198e-01,-3.290000185370445251e-02,-1.088270023465156555e-01,6.549999862909317017e-02,4.159979894757270813e-02,1.500000000000000000e+00,2.900000000000000000e+02
-8.465719968080520630e-02,-1.203790009021759033e-01,-9.686300158500671387e-02,1.651239991188049316e-01,2.450309991836547852e-01,-8.465719968080520630e-02,-1.203790009021759033e-01,-9.686300158500671387e-02,1.651239991188049316e-01,2.450309991836547852e-01,-1.039929986000061035e-01,-3.299999982118606567e-02,-1.134790033102035522e-01,4.349999874830245972e-02,5.238619819283485413e-02,1.500000000000000000e+00,3.000000000000000000e+02
-6.900119781494140625e-02,-1.006790027022361755e-01,-1.116660013794898987e-01,1.613080054521560669e-01,2.164379954338073730e-01,-6.900119781494140625e-02,-1.006790027022361755e-01,-1.116660013794898987e-01,1.613080054521560669e-01,2.164379954338073730e-01,-9.388659894466400146e-02,-3.319999948143959045e-02,-1.130239963531494141e-01,4.210000112652778625e-02,2.532519958913326263e-02,1.500000000000000000e+00,3.100000000000000000e+02
-4.302790015935897827e-02,-8.034480363130569458e-02,-1.216140016913414001e-01,1.594499945640563965e-01,1.431290060281753540e-01,-4.302790015935897827e-02,-8.034480363130569458e-02,-1.216140016913414001e-01,1.594499945640563965e-01,1.431290060281753540e-01,-7.990810275077819824e-02,-3.290000185370445251e-02,-1.089949980378150940e-01,4.809999838471412659e-02,9.493950055912137032e-04,1.500000000000000000e+00,3.200000000000000000e+02
-1.274740044027566910e-02,-6.283219903707504272e-02,-1.233939975500106812e-01,1.591510027647018433e-01,6.298539787530899048e-02,-1.274740044027566910e-02,-6.283219903707504272e-02,-1.233939975500106812e-01,1.591510027647018433e-01,6.298539787530899048e-02,-6.447820365428924561e-02,-3.119999915361404419e-02,-1.024350002408027649e-01,5.920000001788139343e-02,-1.596770063042640686e-02,1.500000000000000000e+00,3.300000000000000000e+02
1.725080050528049469e-02,-4.931100085377693176e-02,-1.172629967331886292e-01,1.580040007829666138e-01,3.093820065259933472e-03,1.725080050528049469e-02,-4.931100085377693176e-02,-1.172629967331886292e-01,1.580040007829666138e-01,3.093820065259933472e-03,-4.992830008268356323e-02,-2.800000086426734924e-02,-9.482049942016601562e-02,7.129999995231628418e-02,-1.359030045568943024e-02,1.500000000000000000e+00,3.400000000000000000e+02
4.274969920516014099e-02,-3.954939916729927063e-02,-1.059560030698776245e-01,1.565420031547546387e-01,-2.429630048573017120e-02,4.274969920516014099e-02,-3.954939916729927063e-02,-1.059560030698776245e-01,1.565420031547546387e-01,-2.429630048573017120e-02,-3.738090023398399353e-02,-2.500000037252902985e-02,-8.747150003910064697e-02,7.980000227689743042e-02,1.765020005404949188e-02,1.500000000000000000e+00,3.500000000000000000e+02
6.200579926371574402e-02,-3.250420093536376953e-02,-9.218049794435501099e-02,1.581300050020217896e-01,-2.227750048041343689e-02,6.200579926371574402e-02,-3.250420093536376953e-02,-9.218049794435501099e-02,1.581300050020217896e-01,-2.227750048041343689e-02,-2.720719948410987854e-02,-2.490000054240226746e-02,-8.208460360765457153e-02,8.280000090599060059e-02,7.160360366106033325e-02,1.500000000000000000e+00,3.600000000000000000e+02
5.833089817315340042e-03,-1.386609971523284912e-01,-7.523249834775924683e-02,2.067310065031051636e-01,2.565010078251361847e-02,2.087170034646987915e-01,8.722759783267974854e-03,-2.688669860363006592e-01,-1.194939985871315002e-01,8.208440244197845459e-02,1.465619951486587524e-01,-1.070000007748603821e-01,-1.166369989514350891e-01,-3.840000182390213013e-02,7.035870105028152466e-02,1.600000000000000089e+00,0.000000000000000000e+00
2.255499921739101410e-02,-7.904209941625595093e-02,-8.032909780740737915e-02,3.193149864673614502e-01,4.816750064492225647e-02,2.098200023174285889e-01,1.192119996994733810e-02,-2.285590022802352905e-01,-1.108089983463287354e-01,7.025869935750961304e-02,1.360259950160980225e-01,-1.159999966621398926e-01,-1.133610010147094727e-01,-1.830000057816505432e-02,6.257639825344085693e-02,1.600000000000000089e+00,1.000000000000000000e+01
4.170940071344375610e-02,-3.904959931969642639e-02,-9.171950072050094604e-02,3.964189887046813965e-01,4.095020145177841187e-02,2.002619951963424683e-01,1.020579971373081207e-02,-1.860029995441436768e-01,-6.859380006790161133e-02,5.292769894003868103e-02,1.199629977345466614e-01,-1.260000020265579224e-01,-1.105040013790130615e-01,1.269999984651803970e-02,6.700330227613449097e-02,1.600000000000000089e+00,2.000000000000000000e+01
6.089650094509124756e-02,-2.109540067613124847e-02,-1.050079986453056335e-01,4.164420068264007568e-01,1.949729956686496735e-02,1.825300008058547974e-01,3.776330035179853439e-03,-1.489329934120178223e-01,-1.385109964758157730e-02,3.255059942603111267e-02,9.969550371170043945e-02,-1.360000073909759521e-01,-1.114059984683990479e-01,4.380000010132789612e-02,7.998719811439514160e-02,1.600000000000000089e+00,3.000000000000000000e+01
7.919000089168548584e-02,-2.093400061130523682e-02,-1.180069968104362488e-01,3.518970012664794922e-01,5.943370051681995392e-03,1.717189997434616089e-01,-1.081570051610469818e-03,-1.335860043764114380e-01,1.087039988487958908e-02,2.362670004367828369e-02,8.931510150432586670e-02,-1.420000046491622925e-01,-1.141889989376068115e-01,5.669999867677688599e-02,8.753339946269989014e-02,1.600000000000000089e+00,4.000000000000000000e+01
9.529530256986618042e-02,-3.199759870767593384e-02,-1.293909996747970581e-01,2.567229866981506348e-01,1.757219992578029633e-02,1.499170064926147461e-01,-1.369839999824762344e-02,-1.090779975056648254e-01,4.609210044145584106e-02,1.602320000529289246e-02,7.149840146303176880e-02,-1.509999930858612061e-01,-1.246600002050399780e-01,7.419999688863754272e-02,9.807279706001281738e-02,1.600000000000000089e+00,5.000000000000000000e+01
1.075540035963058472e-01,-4.754199832677841187e-02,-1.361510008573532104e-01,1.711940020322799683e-01,6.209069862961769104e-02,1.326179951429367065e-01,-2.933330088853836060e-02,-9.203899651765823364e-02,5.845880135893821716e-02,3.666859865188598633e-02,6.191889941692352295e-02,-1.580000072717666626e-01,-1.401070058345794678e-01,7.630000263452529907e-02,9.551169723272323608e-02,1.600000000000000089e+00,6.000000000000000000e+01
1.158339977264404297e-01,-6.000589951872825623e-02,-1.334190070629119873e-01,7.874870300292968750e-02,6.709480285644531250e-02,1.237199977040290833e-01,-4.651109874248504639e-02,-8.120799809694290161e-02,4.840980097651481628e-02,9.480009973049163818e-02,6.300310045480728149e-02,-1.620000004768371582e-01,-1.581490039825439453e-01,5.909999832510948181e-02,7.914110273122787476e-02,1.600000000000000089e+00,7.000000000000000000e+01
1.198920011520385742e-01,-6.312949955463409424e-02,-1.194569990038871765e-01,-3.927639871835708618e-02,-3.952239826321601868e-02,1.229230016469955444e-01,-7.173609733581542969e-02,-7.519529759883880615e-02,3.292189911007881165e-03,2.111880034208297729e-01,8.163370192050933838e-02,-1.550000011920928955e-01,-1.876469999551773071e-01,9.659999981522560120e-03,5.026499927043914795e-02,1.600000000000000089e+00,8.000000000000000000e+01
1.207469999790191650e-01,-5.738469958305358887e-02,-9.941670298576354980e-02,-1.384070068597793579e-01,-1.722020059823989868e-01,1.272609978914260864e-01,-8.549010008573532104e-02,-7.779590040445327759e-02,-3.435790166258811951e-02,2.564730048179626465e-01,1.016009971499443054e-01,-1.420000046491622925e-01,-2.078319936990737915e-01,-2.429999969899654388e-02,4.007229954004287720e-02,1.600000000000000089e+00,9.000000000000000000e+01
1.759810000658035278e-01,5.815190076828002930e-02,-1.317429989576339722e-01,2.745110094547271729e-01,-1.749530062079429626e-02,6.811880320310592651e-02,-2.152410000562667847e-01,-1.174419969320297241e-01,5.506649985909461975e-02,4.293629899621009827e-02,1.789260059595108032e-01,-1.869999989867210388e-02,-1.149249970912933350e-01,1.700000092387199402e-02,1.017289981245994568e-01,1.600000000000000089e+00,1.000000000000000000e+02
1.205149963498115540e-01,-5.070190131664276123e-02,-7.967569679021835327e-02,-1.630659997463226318e-01,-2.026479989290237427e-01,1.350580006837844849e-01,-9.484689682722091675e-02,-8.533880114555358887e-02,-6.912019848823547363e-02,2.506110072135925293e-01,1.250690072774887085e-01,-1.220000013709068298e-01,-2.257290035486221313e-01,-5.150000005960464478e-02,3.599629923701286316e-02,1.600000000000000089e+00,1.100000000000000000e+02
1.088540032505989075e-01,-4.981379956007003784e-02,-6.371170282363891602e-02,-9.216979891061782837e-02,-9.192659705877304077e-02,1.461189985275268555e-01,-9.880120307207107544e-02,-9.645310044288635254e-02,-9.511049836874008179e-02,2.074960023164749146e-01,1.488890051841735840e-01,-9.769999980926513672e-02,-2.374539971351623535e-01,-6.719999760389328003e-02,3.249689936637878418e-02,1.600000000000000089e+00,1.200000000000000000e+02
8.085879683494567871e-02,-5.551230162382125854e-02,-5.425839871168136597e-02,4.508019983768463135e-02,4.289039969444274902e-02,1.521389931440353394e-01,-9.865459799766540527e-02,-1.026280000805854797e-01,-1.021590009331703186e-01,1.808809936046600342e-01,1.594859957695007324e-01,-8.439999818801879883e-02,-2.400500029325485229e-01,-6.870000064373016357e-02,3.020619973540306091e-02,1.600000000000000089e+00,1.300000000000000000e+02
5.544300004839897156e-02,-5.916799977421760559e-02,-5.428510159254074097e-02,1.758860051631927490e-01,8.807689696550369263e-02,1.629739999771118164e-01,-9.464090317487716675e-02,-1.145289987325668335e-01,-9.793409705162048340e-02,1.297470033168792725e-01,1.744530051946640015e-01,-5.689999833703041077e-02,-2.378540039062500000e-01,-5.759999901056289673e-02,2.784820087254047394e-02,1.600000000000000089e+00,1.400000000000000000e+02
4.943539947271347046e-02,-5.397199839353561401e-02,-6.546869874000549316e-02,2.645730078220367432e-01,5.920509994029998779e-02,1.692119985818862915e-01,-8.749949932098388672e-02,-1.241730004549026489e-01,-6.721899658441543579e-02,8.588469773530960083e-02,1.773460060358047485e-01,-3.060000017285346985e-02,-2.272370010614395142e-01,-3.310000151395797729e-02,3.819350153207778931e-02,1.600000000000000089e+00,1.500000000000000000e+02
6.511460244655609131e-02,-3.488299995660781860e-02,-8.399719744920730591e-02,3.322030007839202881e-01,1.956300064921379089e-02,1.680440008640289307e-01,-8.046580106019973755e-02,-1.302430033683776855e-01,-2.048959955573081970e-02,5.023070052266120911e-02,1.683720052242279053e-01,-6.860000081360340118e-03,-2.115350067615509033e-01,-6.399999838322401047e-03,7.009070366621017456e-02,1.600000000000000089e+00,1.600000000000000000e+02
9.614620357751846313e-02,-6.034079939126968384e-03,-1.030450016260147095e-01,3.658080101013183594e-01,1.349509984720498323e-04,1.503279954195022583e-01,-7.889080047607421875e-02,-1.309030055999755859e-01,4.197650030255317688e-02,1.898230053484439850e-02,1.437900066375732422e-01,2.319999970495700836e-02,-1.858499944210052490e-01,2.300000004470348358e-02,1.488199979066848755e-01,1.600000000000000089e+00,1.700000000000000000e+02
1.301899999380111694e-01,2.162479981780052185e-02,-1.193770021200180054e-01,3.292329907417297363e-01,8.604940026998519897e-03,1.319569945335388184e-01,-8.745989948511123657e-02,-1.253190040588378906e-01,6.313449889421463013e-02,2.905260026454925537e-02,1.307040005922317505e-01,3.900000080466270447e-02,-1.698870062828063965e-01,3.130000084638595581e-02,2.008710056543350220e-01,1.600000000000000089e+00,1.800000000000000000e+02
1.467809975147247314e-01,3.441739827394485474e-02,-1.320070028305053711e-01,2.407159954309463501e-01,5.640970170497894287e-02,1.184509992599487305e-01,-1.039599999785423279e-01,-1.165260002017021179e-01,6.472779810428619385e-02,8.024699985980987549e-02,1.257279962301254272e-01,5.139999836683273315e-02,-1.551350057125091553e-01,2.549999952316284180e-02,2.332099974155426025e-01,1.600000000000000089e+00,1.900000000000000000e+02
1.266359984874725342e-01,2.776860073208808899e-02,-1.376159936189651489e-01,1.530459970235824585e-01,7.344280183315277100e-02,1.202730014920234680e-01,-1.264950037002563477e-01,-1.079239994287490845e-01,4.843299835920333862e-02,1.631480008363723755e-01,1.288229972124099731e-01,5.939999967813491821e-02,-1.415040045976638794e-01,5.049999803304672241e-03,2.334659993648529053e-01,1.600000000000000089e+00,2.000000000000000000e+02
1.544239968061447144e-01,1.553449966013431549e-02,-1.395210027694702148e-01,2.810159921646118164e-01,1.747649908065795898e-02,3.098350018262863159e-02,-1.820999979972839355e-01,-1.151850000023841858e-01,9.311970323324203491e-02,2.685480006039142609e-02,1.796990036964416504e-01,-3.830000013113021851e-02,-1.152639985084533691e-01,3.999999910593032837e-02,1.582700014114379883e-01,1.600000000000000089e+00,2.100000000000000000e+02
7.868029922246932983e-02,2.471279911696910858e-02,-1.331409960985183716e-01,8.965750038623809814e-02,-6.006940081715583801e-02,1.288570016622543335e-01,-1.392830014228820801e-01,-1.048320010304450989e-01,3.497250005602836609e-02,2.061399966478347778e-01,1.326719969511032104e-01,6.150000169873237610e-02,-1.352220028638839722e-01,-8.530000224709510803e-03,2.212660014629364014e-01,1.600000000000000089e+00,2.200000000000000000e+02
4.078650102019309998e-02,4.926740005612373352e-02,-1.211140006780624390e-01,4.961289837956428528e-02,-2.578850090503692627e-01,1.616239994764328003e-01,-1.667629927396774292e-01,-1.021360009908676147e-01,2.056259894743561745e-03,2.711139917373657227e-01,1.426019966602325439e-01,6.120000034570693970e-02,-1.244610026478767395e-01,-3.510000184178352356e-02,1.803109943866729736e-01,1.600000000000000089e+00,2.300000000000000000e+02
9.430509991943836212e-03,8.717740327119827271e-02,-1.066090017557144165e-01,1.679559983313083649e-02,-3.390220105648040771e-01,2.070859968662261963e-01,-1.945739984512329102e-01,-1.037719994783401489e-01,-3.249140083789825439e-02,2.871919870376586914e-01,1.530719995498657227e-01,5.469999834895133972e-02,-1.167939975857734680e-01,-5.480000004172325134e-02,1.332260072231292725e-01,1.600000000000000089e+00,2.400000000000000000e+02
-4.902549833059310913e-02,1.046980023384094238e-01,-9.289900213479995728e-02,8.346299873664975166e-04,-2.194669991731643677e-01,2.457309961318969727e-01,-2.202309966087341309e-01,-1.083149984478950500e-01,-5.924649909138679504e-02,2.574470043182373047e-01,1.617469936609268188e-01,4.219999909400939941e-02,-1.127120032906532288e-01,-6.560000032186508179e-02,9.187959879636764526e-02,1.600000000000000089e+00,2.500000000000000000e+02
-1.675619930028915405e-01,8.736179769039154053e-02,-8.258180320262908936e-02,3.293029963970184326e-02,-3.351030126214027405e-02,2.427240014076232910e-01,-2.469400018453598022e-01,-1.165060028433799744e-01,-6.073430180549621582e-02,1.767179965972900391e-01,1.694889962673187256e-01,1.510000042617321014e-02,-1.123199984431266785e-01,-6.289999932050704956e-02,4.868320003151893616e-02,1.600000000000000089e+00,2.600000000000000000e+02
-2.820119857788085938e-01,3.910339996218681335e-02,-7.909949868917465210e-02,1.082210019230842590e-01,6.052820011973381042e-02,1.914699971675872803e-01,-2.520860135555267334e-01,-1.199679970741271973e-01,-2.878800034523010254e-02,1.217439994215965271e-01,1.711519956588745117e-01,-5.900000222027301788e-03,-1.142600029706954956e-01,-4.549999907612800598e-02,4.132340103387832642e-02,1.600000000000000089e+00,2.700000000000000000e+02
-3.088349997997283936e-01,-2.109570056200027466e-02,-8.572240173816680908e-02,1.907390058040618896e-01,5.755500122904777527e-02,1.205030009150505066e-01,-2.455189973115921021e-01,-1.200440004467964172e-01,1.862479932606220245e-02,7.425510138273239136e-02,1.705929934978485107e-01,-2.679999917745590210e-02,-1.163960024714469910e-01,-1.850000023841857910e-02,6.185770034790039062e-02,1.600000000000000089e+00,2.800000000000000000e+02
-2.637049853801727295e-01,-6.740680336952209473e-02,-9.610939770936965942e-02,2.485519945621490479e-01,2.979050017893314362e-02,6.143270060420036316e-02,-2.282810062170028687e-01,-1.167230010032653809e-01,6.486339867115020752e-02,4.034079983830451965e-02,1.680559962987899780e-01,-4.560000076889991760e-02,-1.176280006766319275e-01,1.020000036805868149e-02,1.099399998784065247e-01,1.600000000000000089e+00,2.900000000000000000e+02
1.192120015621185303e-01,-1.318699959665536880e-02,-1.472750008106231689e-01,2.247949987649917603e-01,2.269309945404529572e-02,3.018059954047203064e-02,-1.467909961938858032e-01,-1.237839981913566589e-01,1.125330030918121338e-01,3.312350064516067505e-02,1.771650016307830811e-01,-5.460000038146972656e-02,-1.151039972901344299e-01,5.119999870657920837e-02,2.093520015478134155e-01,1.600000000000000089e+00,3.000000000000000000e+02
8.002779632806777954e-02,-4.019650071859359741e-02,-1.511850059032440186e-01,1.454869955778121948e-01,2.889079973101615906e-02,5.624309927225112915e-02,-1.123439967632293701e-01,-1.509760022163391113e-01,1.105389967560768127e-01,6.208720058202743530e-02,1.724070012569427490e-01,-6.710000336170196533e-02,-1.149870008230209351e-01,4.830000177025794983e-02,2.364200055599212646e-01,1.600000000000000089e+00,3.100000000000000000e+02
4.472609981894493103e-02,-8.088520169258117676e-02,-1.455509960651397705e-01,8.390530198812484741e-02,4.796740040183067322e-02,9.191910177469253540e-02,-8.080410212278366089e-02,-1.930759996175765991e-01,8.659400045871734619e-02,1.013559997081756592e-01,1.670069992542266846e-01,-7.590000331401824951e-02,-1.154159978032112122e-01,3.299999982118606567e-02,2.294989973306655884e-01,1.600000000000000089e+00,3.200000000000000000e+02
1.766120083630084991e-02,-1.398690044879913330e-01,-1.297499984502792358e-01,5.421210080385208130e-02,4.777619987726211548e-02,1.093150004744529724e-01,-6.652630120515823364e-02,-2.161159962415695190e-01,6.741090118885040283e-02,1.175440028309822083e-01,1.645610034465789795e-01,-7.940000295639038086e-02,-1.158920004963874817e-01,2.290000021457672119e-02,2.149430066347122192e-01,1.600000000000000089e+00,3.300000000000000000e+02
2.871270116884261370e-04,-2.005400061607360840e-01,-1.103160008788108826e-01,2.527059987187385559e-02,1.655389927327632904e-02,1.401710063219070435e-01,-4.132749885320663452e-02,-2.591310143470764160e-01,2.038669958710670471e-02,1.310829967260360718e-01,1.605820059776306152e-01,-8.489999920129776001e-02,-1.171649992465972900e-01,1.200000056996941566e-03,1.746270060539245605e-01,1.600000000000000089e+00,3.400000000000000000e+02
-7.198839914053678513e-03,-2.249670028686523438e-01,-9.305240213871002197e-02,1.539019960910081863e-02,-7.556700147688388824e-03,1.663450002670288086e-01,-2.086439915001392365e-02,-2.899709939956665039e-01,-2.939639985561370850e-02,1.201440021395683289e-01,1.575240045785903931e-01,-8.990000188350677490e-02,-1.183390021324157715e-01,-1.940000057220458984e-02,1.342429965734481812e-01,1.600000000000000089e+00,3.500000000000000000e+02
-4.999420139938592911e-03,-1.982170045375823975e-01,-8.028409630060195923e-02,7.908049970865249634e-02,-4.221510142087936401e-03,1.881980001926422119e-01,-5.335669964551925659e-03,-2.996810078620910645e-01,-7.505120337009429932e-02,1.012239977717399597e-01,1.545619964599609375e-01,-9.570000320672988892e-02,-1.187470033764839172e-01,-3.579999879002571106e-02,1.020490005612373352e-01,1.600000000000000089e+00,3.600000000000000000e+02
5.830000154674053192e-03,-1.389999985694885254e-01,-7.519999891519546509e-02,2.070000022649765015e-01,2.569999918341636658e-02,-1.958819925785064697e-01,-1.269160062074661255e-01,2.139730006456375122e-02,4.813550040125846863e-02,-1.707769930362701416e-01,1.339240074157714844e-01,-2.566309869289398193e-01,-3.277029842138290405e-02,3.541269898414611816e-01,1.237810030579566956e-01,1.699999999999999956e+00,0.000000000000000000e+00
2.260000072419643402e-02,-7.900000363588333130e-02,-8.030000329017639160e-02,3.190000057220458984e-01,4.820000007748603821e-02,-1.866330057382583618e-01,-6.558950245380401611e-02,-1.680440083146095276e-02,1.050779968500137329e-01,-1.075579971075057983e-01,1.580799967050552368e-01,-2.306820005178451538e-01,-2.488750033080577850e-02,4.111079871654510498e-01,1.480389982461929321e-01,1.699999999999999956e+00,1.000000000000000000e+01
4.170000180602073669e-02,-3.900000080466270447e-02,-9.170000255107879639e-02,3.959999978542327881e-01,4.100000113248825073e-02,-1.488990038633346558e-01,-1.260249968618154526e-02,-6.452430039644241333e-02,1.542740017175674438e-01,-4.074870049953460693e-02,1.861820071935653687e-01,-2.008810043334960938e-01,-1.621099933981895447e-02,4.414040148258209229e-01,1.519930064678192139e-01,1.699999999999999956e+00,2.000000000000000000e+01
6.089999899268150330e-02,-2.109999954700469971e-02,-1.049999967217445374e-01,4.160000085830688477e-01,1.950000040233135223e-02,-9.246750175952911377e-02,3.116570040583610535e-02,-1.083680018782615662e-01,1.783079952001571655e-01,5.522289779037237167e-03,2.107390016317367554e-01,-1.702830046415328979e-01,-6.557969842106103897e-03,4.264560043811798096e-01,1.357049942016601562e-01,1.699999999999999956e+00,3.000000000000000000e+01
7.919999957084655762e-02,-2.089999988675117493e-02,-1.180000007152557373e-01,3.519999980926513672e-01,5.940000060945749283e-03,-2.950149960815906525e-02,6.025579944252967834e-02,-1.398400068283081055e-01,1.704960018396377563e-01,2.918660081923007965e-02,2.231059968471527100e-01,-1.459400057792663574e-01,4.333550110459327698e-03,3.669990003108978271e-01,1.076909974217414856e-01,1.699999999999999956e+00,4.000000000000000000e+01
9.529999643564224243e-02,-3.200000151991844177e-02,-1.289999932050704956e-01,2.569999992847442627e-01,1.759999990463256836e-02,3.123869933187961578e-02,6.928090006113052368e-02,-1.555240005254745483e-01,1.323660016059875488e-01,3.892070055007934570e-02,2.170639932155609131e-01,-1.361950039863586426e-01,1.697080023586750031e-02,2.820209860801696777e-01,7.692019641399383545e-02,1.699999999999999956e+00,5.000000000000000000e+01
1.080000028014183044e-01,-4.749999940395355225e-02,-1.360000073909759521e-01,1.710000038146972656e-01,6.210000067949295044e-02,8.146979659795761108e-02,5.819860100746154785e-02,-1.568679958581924438e-01,7.101179659366607666e-02,4.210650175809860229e-02,1.910640001296997070e-01,-1.461320072412490845e-01,3.134790062904357910e-02,1.955160051584243774e-01,4.662320017814636230e-02,1.699999999999999956e+00,6.000000000000000000e+01
1.159999966621398926e-01,-5.999999865889549255e-02,-1.330000013113021851e-01,7.869999855756759644e-02,6.710000336170196533e-02,1.163240000605583191e-01,3.162720054388046265e-02,-1.477919965982437134e-01,-1.136880018748342991e-03,4.386340081691741943e-02,1.499540060758590698e-01,-1.735939979553222656e-01,4.661529883742332458e-02,1.262139976024627686e-01,1.564870029687881470e-02,1.699999999999999956e+00,7.000000000000000000e+01
1.199999973177909851e-01,-6.310000270605087280e-02,-1.190000027418136597e-01,-3.929999843239784241e-02,-3.950000181794166565e-02,1.333989948034286499e-01,-2.495150081813335419e-03,-1.341480016708374023e-01,-6.224539875984191895e-02,4.498559981584548950e-02,1.002599969506263733e-01,-2.114170044660568237e-01,6.111560016870498657e-02,7.851850241422653198e-02,-1.796890050172805786e-02,1.699999999999999956e+00,8.000000000000000000e+01
1.209999993443489075e-01,-5.739999935030937195e-02,-9.939999878406524658e-02,-1.379999965429306030e-01,-1.720000058412551880e-01,1.352429986000061035e-01,-3.685919940471649170e-02,-1.201950013637542725e-01,-8.055119961500167847e-02,4.265930131077766418e-02,4.991139844059944153e-02,-2.471109926700592041e-01,7.300060242414474487e-02,4.777840152382850647e-02,-5.117199942469596863e-02,1.699999999999999956e+00,9.000000000000000000e+01
1.759999990463256836e-01,5.820000171661376953e-02,-1.319999992847442627e-01,2.750000059604644775e-01,-1.750000007450580597e-02,7.818859815597534180e-02,2.695789933204650879e-02,-3.533929958939552307e-02,4.293729960918426514e-01,1.003329977393150330e-01,2.916629910469055176e-01,-2.594639956951141357e-01,-6.816569715738296509e-02,1.815970055758953094e-02,7.175800204277038574e-02,1.699999999999999956e+00,1.000000000000000000e+02
1.209999993443489075e-01,-5.070000141859054565e-02,-7.970000058412551880e-02,-1.630000025033950806e-01,-2.029999941587448120e-01,1.283359974622726440e-01,-6.505239754915237427e-02,-1.081579998135566711e-01,-3.622680157423019409e-02,3.530060127377510071e-02,3.029010025784373283e-03,-2.684850096702575684e-01,7.974790036678314209e-02,2.713420055806636810e-02,-7.478869706392288208e-02,1.699999999999999956e+00,1.100000000000000000e+02
1.089999973773956299e-01,-4.980000108480453491e-02,-6.369999796152114868e-02,-9.220000356435775757e-02,-9.189999848604202271e-02,1.183319985866546631e-01,-8.215110003948211670e-02,-9.896270185708999634e-02,5.691299960017204285e-02,2.535429969429969788e-02,-3.818079829216003418e-02,-2.697359919548034668e-01,7.762850075960159302e-02,1.438629999756813049e-02,-7.893340289592742920e-02,1.699999999999999956e+00,1.200000000000000000e+02
8.089999854564666748e-02,-5.550000071525573730e-02,-5.429999902844429016e-02,4.509999975562095642e-02,4.289999976754188538e-02,1.077720001339912415e-01,-8.585689961910247803e-02,-9.427600353956222534e-02,1.655769944190979004e-01,1.888749934732913971e-02,-7.399839907884597778e-02,-2.521309852600097656e-01,6.256750226020812988e-02,1.409970037639141083e-02,-6.192259863018989563e-02,1.699999999999999956e+00,1.300000000000000000e+02
5.539999902248382568e-02,-5.920000001788139343e-02,-5.429999902844429016e-02,1.759999990463256836e-01,8.810000121593475342e-02,9.675270318984985352e-02,-7.649859786033630371e-02,-9.512139856815338135e-02,2.624750137329101562e-01,2.345939911901950836e-02,-1.031579971313476562e-01,-2.222300022840499878e-01,3.342260047793388367e-02,2.948280051350593567e-02,-3.233199939131736755e-02,1.699999999999999956e+00,1.400000000000000000e+02
4.940000176429748535e-02,-5.400000140070915222e-02,-6.549999862909317017e-02,2.649999856948852539e-01,5.920000001788139343e-02,8.485329896211624146e-02,-5.795620009303092957e-02,-1.004590019583702087e-01,3.310669958591461182e-01,4.097430035471916199e-02,-1.238989979028701782e-01,-1.873379945755004883e-01,-5.993760190904140472e-03,5.387039855122566223e-02,-1.864450052380561829e-03,1.699999999999999956e+00,1.500000000000000000e+02
6.509999930858612061e-02,-3.489999845623970032e-02,-8.399999886751174927e-02,3.319999873638153076e-01,1.960000023245811462e-02,7.221090048551559448e-02,-3.569379821419715881e-02,-1.077520027756690979e-01,3.552280068397521973e-01,5.356270074844360352e-02,-1.325909942388534546e-01,-1.521469950675964355e-01,-4.791240021586418152e-02,7.123690098524093628e-02,2.211700007319450378e-02,1.699999999999999956e+00,1.600000000000000000e+02
9.610000252723693848e-02,-6.029999814927577972e-03,-1.030000001192092896e-01,3.659999966621398926e-01,1.349999947706237435e-04,5.910919979214668274e-02,-1.502859964966773987e-02,-1.148789972066879272e-01,3.303950130939483643e-01,3.424730151891708374e-02,-1.274289935827255249e-01,-1.184780001640319824e-01,-8.505260199308395386e-02,6.605689972639083862e-02,3.756820037961006165e-02,1.699999999999999956e+00,1.700000000000000000e+02
1.299999952316284180e-01,2.160000056028366089e-02,-1.190000027418136597e-01,3.289999961853027344e-01,8.600000292062759399e-03,4.611599817872047424e-02,-2.476350055076181889e-04,-1.205179989337921143e-01,2.716900110244750977e-01,-1.795659959316253662e-02,-1.079609990119934082e-01,-8.671390265226364136e-02,-1.131490021944046021e-01,3.339029848575592041e-02,4.478169977664947510e-02,1.699999999999999956e+00,1.800000000000000000e+02
1.469999998807907104e-01,3.440000116825103760e-02,-1.319999992847442627e-01,2.409999966621398926e-01,5.640000104904174805e-02,3.392810001969337463e-02,5.560829769819974899e-03,-1.225939989089965820e-01,2.020229995250701904e-01,-7.644759863615036011e-02,-7.630640268325805664e-02,-5.730159953236579895e-02,-1.307200044393539429e-01,-1.671960018575191498e-02,4.440319910645484924e-02,1.699999999999999956e+00,1.900000000000000000e+02
1.270000040531158447e-01,2.779999934136867523e-02,-1.379999965429306030e-01,1.529999971389770508e-01,7.339999824762344360e-02,2.359339967370033264e-02,-3.618269984144717455e-04,-1.189479976892471313e-01,1.339080035686492920e-01,-1.064559966325759888e-01,-3.596379980444908142e-02,-3.138510137796401978e-02,-1.381800025701522827e-01,-6.049510091543197632e-02,3.804099932312965393e-02,1.699999999999999956e+00,2.000000000000000000e+02
1.539999991655349731e-01,1.549999974668025970e-02,-1.400000005960464478e-01,2.809999883174896240e-01,1.750000007450580597e-02,4.375629872083663940e-02,-3.823550045490264893e-02,-4.375290125608444214e-02,3.554100096225738525e-01,1.181320026516914368e-01,2.695359885692596436e-01,-2.821829915046691895e-01,-6.577359884977340698e-02,2.991550043225288391e-02,3.728840127587318420e-02,1.699999999999999956e+00,2.100000000000000000e+02
7.869999855756759644e-02,2.470000088214874268e-02,-1.330000013113021851e-01,8.969999849796295166e-02,-6.010000035166740417e-02,1.642210036516189575e-02,-1.856439933180809021e-02,-1.094779968261718750e-01,6.951019912958145142e-02,-8.664570003747940063e-02,8.043060079216957092e-03,-1.053669955581426620e-02,-1.375029981136322021e-01,-7.096440345048904419e-02,2.954100072383880615e-02,1.699999999999999956e+00,2.200000000000000000e+02
4.080000147223472595e-02,4.930000007152557373e-02,-1.209999993443489075e-01,4.960000142455101013e-02,-2.579999864101409912e-01,1.373410038650035858e-02,-4.830440133810043335e-02,-9.692040085792541504e-02,1.714950054883956909e-02,-3.369760140776634216e-02,4.987090080976486206e-02,3.706610063090920448e-03,-1.316259950399398804e-01,-3.512249886989593506e-02,2.386130020022392273e-02,1.699999999999999956e+00,2.300000000000000000e+02
9.429999627172946930e-03,8.720000088214874268e-02,-1.070000007748603821e-01,1.679999940097332001e-02,-3.389999866485595703e-01,1.631120033562183380e-02,-8.585649728775024414e-02,-8.460620045661926270e-02,-1.728400005958974361e-03,1.473639998584985733e-02,8.462510257959365845e-02,1.030000019818544388e-02,-1.236509978771209717e-01,3.363420069217681885e-02,2.406520023941993713e-02,1.699999999999999956e+00,2.400000000000000000e+02
-4.899999871850013733e-02,1.049999967217445374e-01,-9.290000051259994507e-02,8.350000134669244289e-04,-2.189999967813491821e-01,2.406170032918453217e-02,-1.255609989166259766e-01,-7.452320307493209839e-02,2.779030054807662964e-02,3.651729971170425415e-02,1.086660027503967285e-01,9.215310215950012207e-03,-1.157869994640350342e-01,1.123170033097267151e-01,2.730700001120567322e-02,1.699999999999999956e+00,2.500000000000000000e+02
-1.679999977350234985e-01,8.739999681711196899e-02,-8.259999752044677734e-02,3.290000185370445251e-02,-3.350000083446502686e-02,3.590229898691177368e-02,-1.606390029191970825e-01,-6.781200319528579712e-02,9.647689759731292725e-02,3.637029975652694702e-02,1.220489963889122009e-01,2.323470078408718109e-03,-1.094070002436637878e-01,1.852290034294128418e-01,2.560129947960376740e-02,1.699999999999999956e+00,2.600000000000000000e+02
-2.820000052452087402e-01,3.909999877214431763e-02,-7.909999787807464600e-02,1.080000028014183044e-01,6.049999967217445374e-02,5.014500021934509277e-02,-1.845429986715316772e-01,-6.534250080585479736e-02,1.762290000915527344e-01,3.349319845438003540e-02,1.276479959487915039e-01,-7.206660229712724686e-03,-1.055760011076927185e-01,2.449530065059661865e-01,1.174909994006156921e-02,1.699999999999999956e+00,2.700000000000000000e+02
-3.089999854564666748e-01,-2.109999954700469971e-02,-8.569999784231185913e-02,1.909999996423721313e-01,5.759999901056289673e-02,6.505049765110015869e-02,-1.936009973287582397e-01,-6.769920140504837036e-02,2.422869950532913208e-01,4.438209906220436096e-02,1.296160072088241577e-01,-1.572710089385509491e-02,-1.046890020370483398e-01,2.782379984855651855e-01,-1.216449961066246033e-02,1.699999999999999956e+00,2.800000000000000000e+02
-2.639999985694885254e-01,-6.740000098943710327e-02,-9.610000252723693848e-02,2.489999979734420776e-01,2.979999966919422150e-02,7.656139880418777466e-02,-1.893779933452606201e-01,-7.282990217208862305e-02,2.773320078849792480e-01,5.515440180897712708e-02,1.303849965333938599e-01,-1.975449919700622559e-02,-1.059240028262138367e-01,2.788380086421966553e-01,-3.275689855217933655e-02,1.699999999999999956e+00,2.900000000000000000e+02
1.190000027418136597e-01,-1.319999992847442627e-02,-1.469999998807907104e-01,2.249999940395355225e-01,2.270000055432319641e-02,6.514450069516897202e-03,-1.434130072593688965e-01,-4.935460165143013000e-02,2.718299925327301025e-01,1.265670061111450195e-01,2.386219948530197144e-01,-3.027690052986145020e-01,-6.463029980659484863e-02,4.891439899802207947e-02,1.836569979786872864e-02,1.699999999999999956e+00,3.000000000000000000e+02
7.999999821186065674e-02,-4.019999876618385315e-02,-1.509999930858612061e-01,1.449999958276748657e-01,2.889999933540821075e-02,-2.507629990577697754e-02,-2.584660053253173828e-01,-4.795069992542266846e-02,1.946170032024383545e-01,1.089510023593902588e-01,2.041700035333633423e-01,-3.182289898395538330e-01,-6.374820321798324585e-02,7.670719921588897705e-02,1.240940019488334656e-02,1.699999999999999956e+00,3.100000000000000000e+02
4.470000043511390686e-02,-8.089999854564666748e-02,-1.459999978542327881e-01,8.389999717473983765e-02,4.800000041723251343e-02,-5.071189999580383301e-02,-3.456110060214996338e-01,-3.650270029902458191e-02,1.289730072021484375e-01,5.707259848713874817e-02,1.707410067319869995e-01,-3.261989951133728027e-01,-6.172860041260719299e-02,1.113710030913352966e-01,1.371760014444589615e-02,1.699999999999999956e+00,3.200000000000000000e+02
1.769999973475933075e-02,-1.400000005960464478e-01,-1.299999952316284180e-01,5.420000106096267700e-02,4.780000075697898865e-02,-7.548510283231735229e-02,-3.764280080795288086e-01,-1.586819998919963837e-02,7.132820039987564087e-02,-1.594999991357326508e-02,1.425700038671493530e-01,-3.250280022621154785e-01,-5.781909823417663574e-02,1.501599997282028198e-01,1.997910067439079285e-02,1.699999999999999956e+00,3.300000000000000000e+02
2.870000025723129511e-04,-2.010000050067901611e-01,-1.099999994039535522e-01,2.529999986290931702e-02,1.659999974071979523e-02,-1.061989963054656982e-01,-3.472389876842498779e-01,9.592919610440731049e-03,2.416129969060420990e-02,-9.452799707651138306e-02,1.231670007109642029e-01,-3.153730034828186035e-01,-5.232419818639755249e-02,1.913159936666488647e-01,3.289559856057167053e-02,1.699999999999999956e+00,3.400000000000000000e+02
-7.199999876320362091e-03,-2.249999940395355225e-01,-9.309999644756317139e-02,1.539999991655349731e-02,-7.559999823570251465e-03,-1.429869979619979858e-01,-2.785390019416809082e-01,3.156749904155731201e-02,-1.373889972455799580e-03,-1.629260033369064331e-01,1.148189976811408997e-01,-2.996020019054412842e-01,-4.616170004010200500e-02,2.374289929866790771e-01,5.620260164141654968e-02,1.699999999999999956e+00,3.500000000000000000e+02
-4.999999888241291046e-03,-1.979999989271163940e-01,-8.030000329017639160e-02,7.909999787807464600e-02,-4.220000002533197403e-03,-1.778070032596588135e-01,-1.989289969205856323e-01,3.831220045685768127e-02,7.083970122039318085e-03,-1.945430040359497070e-01,1.186949983239173889e-01,-2.795290052890777588e-01,-3.969040140509605408e-02,2.919409871101379395e-01,8.905339986085891724e-02,1.699999999999999956e+00,3.600000000000000000e+02
1.109889969229698181e-01,2.194230072200298309e-02,-1.123109981417655945e-01,5.541610121726989746e-01,-2.824850082397460938e-01,-8.349859714508056641e-02,-7.786849886178970337e-02,-1.407890021800994873e-01,3.664030134677886963e-01,4.972489923238754272e-02,-3.136920183897018433e-02,-2.204109914600849152e-02,-9.467410296201705933e-02,-5.066470056772232056e-02,1.075719967484474182e-01,1.800000000000000044e+00,0.000000000000000000e+00
8.052799850702285767e-02,4.035520181059837341e-02,-9.313759952783584595e-02,3.846830129623413086e-01,-1.707990020513534546e-01,-1.139269992709159851e-01,-8.276119828224182129e-02,-1.388150006532669067e-01,2.733579874038696289e-01,6.284820288419723511e-02,-2.064790017902851105e-02,-2.867479994893074036e-02,-9.333869814872741699e-02,-4.277729988098144531e-02,1.164859980344772339e-01,1.800000000000000044e+00,1.000000000000000000e+01
4.756399989128112793e-02,4.032009840011596680e-02,-7.729730010032653809e-02,2.237620055675506592e-01,-1.414369978010654449e-02,-1.374790072441101074e-01,-8.039589971303939819e-02,-1.341869980096817017e-01,1.918819993734359741e-01,6.538009643554687500e-02,-2.592839999124407768e-03,-3.496009856462478638e-02,-9.213080257177352905e-02,-2.444870024919509888e-02,1.069990023970603943e-01,1.800000000000000044e+00,2.000000000000000000e+01
2.669969946146011353e-02,2.202039957046508789e-02,-6.717029958963394165e-02,1.013650000095367432e-01,8.341109752655029297e-02,-1.534920036792755127e-01,-7.133819907903671265e-02,-1.285399943590164185e-01,1.289819926023483276e-01,5.926059931516647339e-02,1.929559931159019470e-02,-3.996780142188072205e-02,-9.106740355491638184e-02,5.848139990121126175e-03,8.185719698667526245e-02,1.800000000000000044e+00,3.000000000000000000e+01
2.319180034101009369e-02,-1.044819969683885574e-02,-6.507819890975952148e-02,3.627569973468780518e-02,9.858950227499008179e-02,-1.612389981746673584e-01,-5.759720131754875183e-02,-1.232480034232139587e-01,8.917699754238128662e-02,3.885719925165176392e-02,4.081070050597190857e-02,-4.313829913735389709e-02,-9.041479974985122681e-02,4.822529852390289307e-02,4.966060072183609009e-02,1.800000000000000044e+00,4.000000000000000000e+01
3.298350051045417786e-02,-4.633620008826255798e-02,-7.167699933052062988e-02,3.075929917395114899e-02,7.248300313949584961e-02,-1.596249938011169434e-01,-4.227440059185028076e-02,-1.194460019469261169e-01,7.793620228767395020e-02,-5.975089967250823975e-03,5.978919938206672668e-02,-4.446500167250633240e-02,-9.070689976215362549e-02,1.005590036511421204e-01,2.209560014307498932e-02,1.800000000000000044e+00,5.000000000000000000e+01
4.762089997529983521e-02,-6.383170187473297119e-02,-8.339300006628036499e-02,6.227749958634376526e-02,4.794609919190406799e-02,-1.489289999008178711e-01,-2.806969918310642242e-02,-1.175720021128654480e-01,9.558700025081634521e-02,-7.313659787178039551e-02,7.706289738416671753e-02,-4.447770118713378906e-02,-9.254489839076995850e-02,1.607539951801300049e-01,6.662220228463411331e-03,1.800000000000000044e+00,6.000000000000000000e+01
5.855150148272514343e-02,-5.526969954371452332e-02,-9.676930308341979980e-02,1.078390032052993774e-01,3.482120111584663391e-02,-1.307329982519149780e-01,-1.756419986486434937e-02,-1.173809990286827087e-01,1.362829953432083130e-01,-1.459369957447052002e-01,9.512619674205780029e-02,-4.369359835982322693e-02,-9.626570343971252441e-02,2.252019941806793213e-01,4.989670123904943466e-03,1.800000000000000044e+00,7.000000000000000000e+01
6.310939788818359375e-02,-2.788369916379451752e-02,-1.101690009236335754e-01,1.653050035238265991e-01,2.804780006408691406e-02,-1.069729998707771301e-01,-1.169640012085437775e-02,-1.183840036392211914e-01,1.915439963340759277e-01,-2.038760036230087280e-01,1.153009980916976929e-01,-4.238659888505935669e-02,-1.017109975218772888e-01,2.898499965667724609e-01,1.356690004467964172e-02,1.800000000000000044e+00,8.000000000000000000e+01
6.161060184240341187e-02,4.884549882262945175e-03,-1.211069971323013306e-01,2.451779991388320923e-01,1.610389910638332367e-02,-8.023550361394882202e-02,-1.046709995716810226e-02,-1.199740022420883179e-01,2.546539902687072754e-01,-2.230200022459030151e-01,1.362619996070861816e-01,-4.053330048918724060e-02,-1.082300022244453430e-01,3.522740006446838379e-01,2.844489924609661102e-02,1.800000000000000044e+00,9.000000000000000000e+01
-1.550790015608072281e-02,3.288029879331588745e-02,-9.976450353860855103e-02,1.450490057468414307e-01,1.251969933509826660e-01,4.626989830285310745e-03,-4.680019989609718323e-02,-9.386959671974182129e-02,5.266359820961952209e-02,1.274050027132034302e-01,2.495729923248291016e-02,-1.330170035362243652e-02,-1.148250028491020203e-01,-1.869599968194961548e-01,1.275240033864974976e-01,1.800000000000000044e+00,1.000000000000000000e+02
5.184819921851158142e-02,3.335019946098327637e-02,-1.238749995827674866e-01,3.477030098438262939e-01,-2.202730067074298859e-02,-5.310780182480812073e-02,-1.279320009052753448e-02,-1.210179999470710754e-01,3.191460072994232178e-01,-1.851489990949630737e-01,1.539150029420852661e-01,-3.813889995217323303e-02,-1.149939969182014465e-01,4.048739969730377197e-01,4.505480080842971802e-02,1.800000000000000044e+00,1.100000000000000000e+02
3.138979896903038025e-02,4.912159964442253113e-02,-1.153149977326393127e-01,4.612640142440795898e-01,-7.959769666194915771e-02,-2.722500078380107880e-02,-1.652679964900016785e-02,-1.200250014662742615e-01,3.765040040016174316e-01,-1.061410009860992432e-01,1.633609980344772339e-01,-3.532290086150169373e-02,-1.211720034480094910e-01,4.381110072135925293e-01,5.755190178751945496e-02,1.800000000000000044e+00,1.200000000000000000e+02
-2.709740074351429939e-03,4.765230044722557068e-02,-9.931159764528274536e-02,5.637980103492736816e-01,-1.192269995808601379e-01,-4.006229806691408157e-03,-1.951489970088005066e-02,-1.162770017981529236e-01,4.177030026912689209e-01,-2.574729919433593750e-02,1.612250059843063354e-01,-3.240890055894851685e-02,-1.261949986219406128e-01,4.431650042533874512e-01,5.734530091285705566e-02,1.800000000000000044e+00,1.300000000000000000e+02
-5.801590159535408020e-02,3.198980167508125305e-02,-8.203150331974029541e-02,6.182550191879272461e-01,-7.838030159473419189e-02,1.542180031538009644e-02,-1.991220004856586456e-02,-1.102640032768249512e-01,4.340719878673553467e-01,3.001599945127964020e-02,1.466320008039474487e-01,-2.984930016100406647e-02,-1.297139972448348999e-01,4.140439927577972412e-01,3.729179874062538147e-02,1.800000000000000044e+00,1.400000000000000000e+02
-1.384589970111846924e-01,1.508160028606653214e-02,-6.710469722747802734e-02,6.123030185699462891e-01,4.124170169234275818e-02,3.035140037536621094e-02,-1.706489920616149902e-02,-1.032589972019195557e-01,4.222050011157989502e-01,5.695139989256858826e-02,1.220820024609565735e-01,-2.797340042889118195e-02,-1.316960006952285767e-01,3.556450009346008301e-01,-2.528659999370574951e-03,1.800000000000000044e+00,1.500000000000000000e+02
-2.497240006923675537e-01,8.718890137970447540e-03,-5.718670040369033813e-02,5.686410069465637207e-01,1.306899935007095337e-01,4.084809869527816772e-02,-1.201509963721036911e-02,-9.630320221185684204e-02,3.841210007667541504e-01,6.175719946622848511e-02,9.289719909429550171e-02,-2.675830014050006866e-02,-1.323730051517486572e-01,2.797209918498992920e-01,-5.245820060372352600e-02,1.800000000000000044e+00,1.600000000000000000e+02
-3.879869878292083740e-01,1.631990075111389160e-02,-5.583149939775466919e-02,5.210630297660827637e-01,1.259050071239471436e-01,4.683709889650344849e-02,-7.029349915683269501e-03,-9.047730267047882080e-02,3.291260004043579102e-01,5.349960178136825562e-02,6.473369896411895752e-02,-2.598720043897628784e-02,-1.320890039205551147e-01,1.990890055894851685e-01,-9.902390092611312866e-02,1.800000000000000044e+00,1.700000000000000000e+02
-5.209259986877441406e-01,3.383700177073478699e-02,-6.554500013589859009e-02,4.874770045280456543e-01,6.429780274629592896e-02,4.878750070929527283e-02,-4.236309789121150970e-03,-8.666689693927764893e-02,2.681219875812530518e-01,3.879389911890029907e-02,4.180970042943954468e-02,-2.529570087790489197e-02,-1.311900019645690918e-01,1.251199990510940552e-01,-1.353899985551834106e-01,1.800000000000000044e+00,1.800000000000000000e+02
-6.077920198440551758e-01,5.406019836664199829e-02,-8.449800312519073486e-02,4.665350019931793213e-01,1.643029972910881042e-02,4.738869890570640564e-02,-4.627920221537351608e-03,-8.535499870777130127e-02,2.105270028114318848e-01,1.985899917781352997e-02,2.679220028221607208e-02,-2.431610040366649628e-02,-1.299660056829452515e-01,6.450729817152023315e-02,-1.586589962244033813e-01,1.800000000000000044e+00,1.900000000000000000e+02
-6.211289763450622559e-01,6.770040094852447510e-02,-1.060499995946884155e-01,4.495809972286224365e-01,3.043239936232566833e-03,4.347829893231391907e-02,-7.356069982051849365e-03,-8.627930283546447754e-02,1.636929959058761597e-01,-2.748120110481977463e-03,1.985719986259937286e-02,-2.285349927842617035e-02,-1.285990029573440552e-01,2.231339924037456512e-02,-1.606809943914413452e-01,1.800000000000000044e+00,2.000000000000000000e+02
1.008439995348453522e-02,3.036300092935562134e-02,-9.377770125865936279e-02,1.955319941043853760e-01,1.282089948654174805e-01,4.397910088300704956e-02,-3.807979822158813477e-02,-9.063950181007385254e-02,1.457909941673278809e-01,8.677320182323455811e-02,1.249799970537424088e-02,-9.152759797871112823e-03,-1.110870018601417542e-01,-1.764200031757354736e-01,8.597049862146377563e-02,1.800000000000000044e+00,2.100000000000000000e+02
-5.550400018692016602e-01,7.022099941968917847e-02,-1.259420067071914673e-01,4.320580065250396729e-01,5.082429852336645126e-03,3.812969848513603210e-02,-1.030359975993633270e-02,-8.881510049104690552e-02,1.366560012102127075e-01,-2.798729948699474335e-02,1.870400086045265198e-02,-2.089500054717063904e-02,-1.271760016679763794e-01,3.797640092670917511e-03,-1.341560035943984985e-01,1.800000000000000044e+00,2.200000000000000000e+02
-4.194160103797912598e-01,6.349380314350128174e-02,-1.426360011100769043e-01,4.150930047035217285e-01,7.960129878483712673e-04,3.226789832115173340e-02,-1.132979989051818848e-02,-9.221410006284713745e-02,1.396220028400421143e-01,-4.796909913420677185e-02,2.093400061130523682e-02,-1.861529983580112457e-02,-1.256220042705535889e-01,1.340780034661293030e-02,-8.460229635238647461e-02,1.800000000000000044e+00,2.300000000000000000e+02
-2.678819894790649414e-01,5.229189991950988770e-02,-1.546950042247772217e-01,3.994489908218383789e-01,-1.632709987461566925e-02,2.674569934606552124e-02,-9.084889665246009827e-03,-9.530019760131835938e-02,1.752890050411224365e-01,-4.539030045270919800e-02,2.392759919166564941e-02,-1.624630019068717957e-02,-1.237080022692680359e-01,5.162280052900314331e-02,-3.016920015215873718e-02,1.800000000000000044e+00,2.400000000000000000e+02
-1.464210003614425659e-01,4.265410080552101135e-02,-1.579840034246444702e-01,3.778539896011352539e-01,-3.473090007901191711e-02,2.209050022065639496e-02,-3.656290005892515182e-03,-9.673120081424713135e-02,2.320020049810409546e-01,-1.379729993641376495e-02,2.558190003037452698e-02,-1.401480007916688919e-02,-1.211870014667510986e-01,1.113710030913352966e-01,1.288970001041889191e-02,1.800000000000000044e+00,2.500000000000000000e+02
-7.087489962577819824e-02,3.855520114302635193e-02,-1.494790017604827881e-01,3.405640125274658203e-01,-2.525350078940391541e-02,1.851879991590976715e-02,3.494249889627099037e-03,-9.571869671344757080e-02,2.871980071067810059e-01,3.004129976034164429e-02,2.490600012242794037e-02,-1.210139971226453781e-02,-1.180030032992362976e-01,1.813589930534362793e-01,3.942409902811050415e-02,1.800000000000000044e+00,2.600000000000000000e+02
-2.718180045485496521e-02,3.911139816045761108e-02,-1.319269984960556030e-01,2.977620065212249756e-01,3.916539996862411499e-02,1.582870073616504669e-02,1.015170011669397354e-02,-9.256280213594436646e-02,3.229520022869110107e-01,6.342700123786926270e-02,2.194700017571449280e-02,-1.057079993188381195e-02,-1.142939999699592590e-01,2.494910061359405518e-01,5.078329890966415405e-02,1.800000000000000044e+00,2.700000000000000000e+02
-3.442380111664533615e-03,3.943229839205741882e-02,-1.119410023093223572e-01,2.642140090465545654e-01,1.226830035448074341e-01,1.334249973297119141e-02,1.453499961644411087e-02,-8.795010298490524292e-02,3.362300097942352295e-01,7.422850281000137329e-02,1.745180040597915649e-02,-9.384829550981521606e-03,-1.103020012378692627e-01,3.063679933547973633e-01,4.912799969315528870e-02,1.800000000000000044e+00,2.800000000000000000e+02
-9.731170139275491238e-04,3.556890040636062622e-02,-9.485659748315811157e-02,2.477200031280517578e-01,1.566399931907653809e-01,9.925150312483310699e-03,1.613830029964447021e-02,-8.276990056037902832e-02,3.357869982719421387e-01,6.251960247755050659e-02,1.251740008592605591e-02,-8.482240140438079834e-03,-1.062500029802322388e-01,3.477059900760650635e-01,3.676310181617736816e-02,1.800000000000000044e+00,2.900000000000000000e+02
1.459980010986328125e-02,9.956509806215763092e-03,-9.600739926099777222e-02,2.670280039310455322e-01,8.248680084943771362e-02,7.426249980926513672e-02,-2.930469997227191925e-02,-9.137249737977981567e-02,2.595889866352081299e-01,3.892539814114570618e-02,2.377000055275857449e-04,-5.812900140881538391e-03,-1.080209985375404358e-01,-1.538549959659576416e-01,4.809449985623359680e-02,1.800000000000000044e+00,3.000000000000000000e+02
1.349269971251487732e-02,-2.519199997186660767e-02,-1.051120012998580933e-01,3.591740131378173828e-01,2.246160060167312622e-02,8.956620097160339355e-02,-2.303339913487434387e-02,-9.693209826946258545e-02,3.775480091571807861e-01,2.294880105182528496e-03,-9.796449914574623108e-03,-3.644279902800917625e-03,-1.055729985237121582e-01,-1.243830025196075439e-01,1.901010051369667053e-02,1.800000000000000044e+00,3.100000000000000000e+02
1.927150040864944458e-02,-6.343840062618255615e-02,-1.169970035552978516e-01,4.654240012168884277e-01,-1.620510034263134003e-02,8.739659935235977173e-02,-2.205350063741207123e-02,-1.060649976134300232e-01,4.806950092315673828e-01,-1.614169962704181671e-02,-1.717269979417324066e-02,-3.004770027473568916e-03,-1.035299971699714661e-01,-9.457039833068847656e-02,3.983249887824058533e-03,1.800000000000000044e+00,3.200000000000000000e+02
3.954980149865150452e-02,-8.508100360631942749e-02,-1.291559934616088867e-01,5.787050127983093262e-01,-2.893030084669589996e-02,6.785339862108230591e-02,-2.720670029520988464e-02,-1.163839995861053467e-01,5.476989746093750000e-01,-1.972110010683536530e-02,-2.265780046582221985e-02,-4.071750212460756302e-03,-1.016459986567497253e-01,-7.081049680709838867e-02,6.127589847892522812e-03,1.800000000000000044e+00,3.300000000000000000e+02
7.502619922161102295e-02,-8.172310143709182739e-02,-1.385339945554733276e-01,6.784020066261291504e-01,-6.275109946727752686e-02,3.472619876265525818e-02,-3.817810118198394775e-02,-1.261020004749298096e-01,5.653870105743408203e-01,-1.228919997811317444e-02,-2.734410017728805542e-02,-6.729110144078731537e-03,-9.976539760828018188e-02,-5.679880082607269287e-02,2.459429949522018433e-02,1.800000000000000044e+00,3.400000000000000000e+02
1.095440015196800232e-01,-5.388680100440979004e-02,-1.399859935045242310e-01,7.259879708290100098e-01,-1.556490063667297363e-01,-6.058069877326488495e-03,-5.248260125517845154e-02,-1.340249925851821899e-01,5.316830277442932129e-01,4.148169886320829391e-03,-3.174189850687980652e-02,-1.070350036025047302e-02,-9.791389852762222290e-02,-5.190179869532585144e-02,5.347859859466552734e-02,1.800000000000000044e+00,3.500000000000000000e+02
1.235779970884323120e-01,-1.284409966319799423e-02,-1.301099956035614014e-01,6.844350099563598633e-01,-2.630690038204193115e-01,-4.685870185494422913e-02,-6.670899689197540283e-02,-1.392270028591156006e-01,4.584380090236663818e-01,2.752769924700260162e-02,-3.421410173177719116e-02,-1.588979922235012054e-02,-9.619060158729553223e-02,-5.180929973721504211e-02,8.420880138874053955e-02,1.800000000000000044e+00,3.600000000000000000e+02
7.828100025653839111e-02,8.905069902539253235e-03,-1.669020056724548340e-01,1.774349957704544067e-01,2.308609895408153534e-03,4.453869909048080444e-02,-9.141489863395690918e-03,-1.369989961385726929e-01,-7.524029910564422607e-02,1.094830036163330078e-01,1.112259998917579651e-01,5.920979892835021019e-04,-1.256670057773590088e-01,-1.754650026559829712e-01,1.106989979743957520e-01,1.899999999999999911e+00,0.000000000000000000e+00
-1.157510001212358475e-02,2.635160088539123535e-02,-1.446789950132369995e-01,8.680970221757888794e-02,5.154990125447511673e-03,3.363870084285736084e-02,-6.764649879187345505e-03,-1.348229944705963135e-01,-1.995549947023391724e-01,4.876859858632087708e-02,1.057450026273727417e-01,-2.888710005208849907e-03,-1.308480054140090942e-01,-1.247749999165534973e-01,1.169710010290145874e-01,1.899999999999999911e+00,1.000000000000000000e+01
1.018350012600421906e-02,1.693199947476387024e-02,-1.571040004491806030e-01,3.380939960479736328e-01,1.107780029997229576e-03,2.109020017087459564e-02,-6.729110144078731537e-03,-1.342220008373260498e-01,-2.215429991483688354e-01,4.850269854068756104e-02,1.051110029220581055e-01,-3.282540012151002884e-03,-1.319029927253723145e-01,-1.410250067710876465e-01,1.254419982433319092e-01,1.899999999999999911e+00,2.000000000000000000e+01
6.393259763717651367e-02,1.228349981829524040e-03,-1.648789942264556885e-01,4.256440103054046631e-01,1.281380001455545425e-02,1.003680005669593811e-02,-5.379819776862859726e-03,-1.342079937458038330e-01,-1.981469988822937012e-01,7.510109990835189819e-02,9.966129809617996216e-02,-3.653710009530186653e-03,-1.329929977655410767e-01,-1.417939960956573486e-01,1.452710032463073730e-01,1.899999999999999911e+00,3.000000000000000000e+01
1.590310037136077881e-01,-1.730589941143989563e-02,-1.658740043640136719e-01,3.203870058059692383e-01,4.818280041217803955e-02,9.682989679276943207e-03,-2.899690065532922745e-03,-1.344919949769973755e-01,-1.408839970827102661e-01,1.163050010800361633e-01,9.057710319757461548e-02,-4.003129899501800537e-03,-1.341159939765930176e-01,-1.241599991917610168e-01,1.720419973134994507e-01,1.899999999999999911e+00,4.000000000000000000e+01
2.778939902782440186e-01,-3.257879987359046936e-02,-1.590130031108856201e-01,9.794759750366210938e-02,1.075140014290809631e-01,2.475170046091079712e-02,8.620339940534904599e-05,-1.348640024662017822e-01,-7.551830261945724487e-02,1.589490026235580444e-01,7.958509773015975952e-02,-4.380839876830577850e-03,-1.351999938488006592e-01,-9.146869927644729614e-02,2.005369961261749268e-01,1.899999999999999911e+00,5.000000000000000000e+01
3.610439896583557129e-01,-4.061130061745643616e-02,-1.460440009832382202e-01,-1.416690051555633545e-01,1.718669980764389038e-01,5.477320030331611633e-02,3.056119894608855247e-03,-1.349560022354125977e-01,-3.611949831247329712e-02,1.927309930324554443e-01,6.818740069866180420e-02,-4.815329797565937042e-03,-1.361189931631088257e-01,-5.015109851956367493e-02,2.250259965658187866e-01,1.899999999999999911e+00,6.000000000000000000e+01
3.568269908428192139e-01,-4.029420018196105957e-02,-1.307529956102371216e-01,-3.628750145435333252e-01,2.003999948501586914e-01,9.182360023260116577e-02,5.167880095541477203e-03,-1.345530003309249878e-01,-4.005679860711097717e-02,2.095569968223571777e-01,5.729940161108970642e-02,-5.275699775665998459e-03,-1.367319971323013306e-01,-7.341600023210048676e-03,2.377189993858337402e-01,1.899999999999999911e+00,7.000000000000000000e+01
2.754490077495574951e-01,-3.048709966242313385e-02,-1.172999963164329529e-01,-5.374720096588134766e-01,1.814440041780471802e-01,1.271899938583374023e-01,6.086899898946285248e-03,-1.335940062999725342e-01,-8.710309863090515137e-02,2.060129940509796143e-01,4.746299982070922852e-02,-5.702340044081211090e-03,-1.369879990816116333e-01,3.283970057964324951e-02,2.323659956455230713e-01,1.899999999999999911e+00,8.000000000000000000e+01
1.673109978437423706e-01,-1.318529993295669556e-02,-1.089570000767707825e-01,-6.229090094566345215e-01,1.339430063962936401e-01,1.515029966831207275e-01,5.581090226769447327e-03,-1.322879940271377563e-01,-1.593559980392456055e-01,1.852210015058517456e-01,3.854170069098472595e-02,-6.022050045430660248e-03,-1.369040012359619141e-01,6.644870340824127197e-02,2.083639949560165405e-01,1.899999999999999911e+00,9.000000000000000000e+01
7.507249712944030762e-02,5.917159840464591980e-03,-1.089079976081848145e-01,-5.808290243148803711e-01,8.107960224151611328e-02,1.601810008287429810e-01,3.740459913387894630e-03,-1.310050040483474731e-01,-2.371069937944412231e-01,1.538400053977966309e-01,3.086600080132484436e-02,-6.172630004584789276e-03,-1.365579962730407715e-01,8.630160242319107056e-02,1.718669980764389038e-01,1.899999999999999911e+00,1.000000000000000000e+02
1.790120005607604980e-01,-1.099880039691925049e-02,-1.680500060319900513e-01,1.946229934692382812e-01,4.568490013480186462e-02,1.931490004062652588e-02,-7.817610166966915131e-03,-1.398569941520690918e-01,3.152830153703689575e-02,1.537149995565414429e-01,1.055409982800483704e-01,7.315439870581030846e-04,-1.260589957237243652e-01,-1.600919961929321289e-01,1.218580007553100586e-01,1.899999999999999911e+00,1.100000000000000000e+02
1.620420068502426147e-02,2.057139948010444641e-02,-1.177999973297119141e-01,-4.084070026874542236e-01,3.699959814548492432e-02,1.524460017681121826e-01,1.170060015283524990e-03,-1.299930065870285034e-01,-2.993650138378143311e-01,1.175400018692016602e-01,2.480239979922771454e-02,-6.111999973654747009e-03,-1.360650062561035156e-01,8.724009990692138672e-02,1.324139982461929321e-01,1.899999999999999911e+00,1.200000000000000000e+02
-1.195000018924474716e-02,2.800860069692134857e-02,-1.332290023565292358e-01,-1.688710004091262817e-01,1.233690045773983002e-02,1.307249963283538818e-01,-1.622769981622695923e-03,-1.295139938592910767e-01,-3.245710134506225586e-01,8.274620026350021362e-02,2.066390030086040497e-02,-5.865340121090412140e-03,-1.355080008506774902e-01,6.915249675512313843e-02,9.838510304689407349e-02,1.899999999999999911e+00,1.300000000000000000e+02
-1.875519938766956329e-02,2.740770019590854645e-02,-1.501969993114471436e-01,5.755190178751945496e-02,2.754650078713893890e-03,1.008540019392967224e-01,-3.962759859859943390e-03,-1.295550018548965454e-01,-2.965179979801177979e-01,5.888440087437629700e-02,1.823939941823482513e-02,-5.508469883352518082e-03,-1.349090039730072021e-01,3.820149973034858704e-02,7.714410126209259033e-02,1.899999999999999911e+00,1.400000000000000000e+02
-7.120769936591386795e-03,1.852240040898323059e-02,-1.647769957780838013e-01,2.348300069570541382e-01,5.178359802812337875e-03,6.843940168619155884e-02,-5.408769939094781876e-03,-1.301030069589614868e-01,-2.163659930229187012e-01,5.568870157003402710e-02,1.694449968636035919e-02,-5.106459837406873703e-03,-1.342329978942871094e-01,1.609180006198585033e-03,7.323440164327621460e-02,1.899999999999999911e+00,1.500000000000000000e+02
3.129350021481513977e-02,3.086999990046024323e-03,-1.743569970130920410e-01,3.272759914398193359e-01,2.751420065760612488e-02,4.086809977889060974e-02,-5.786859896034002304e-03,-1.310929954051971436e-01,-1.069220006465911865e-01,7.264319807291030884e-02,1.646699942648410797e-02,-4.729730077087879181e-03,-1.334310024976730347e-01,-3.577110171318054199e-02,8.710390329360961914e-02,1.899999999999999911e+00,1.600000000000000000e+02
9.786809980869293213e-02,-1.578610017895698547e-02,-1.766960024833679199e-01,3.106099963188171387e-01,7.767730206251144409e-02,2.555559948086738586e-02,-5.133839789777994156e-03,-1.323920041322708130e-01,-1.365210046060383320e-03,1.030770018696784973e-01,1.688940078020095825e-02,-4.420700017362833023e-03,-1.325130015611648560e-01,-6.919150054454803467e-02,1.132370010018348694e-01,1.899999999999999911e+00,1.700000000000000000e+02
1.714449971914291382e-01,-3.186950087547302246e-02,-1.705719977617263794e-01,2.166620045900344849e-01,1.513040065765380859e-01,2.768640033900737762e-02,-3.800119971856474876e-03,-1.336909979581832886e-01,6.834779679775238037e-02,1.368840038776397705e-01,1.935379952192306519e-02,-4.154299851506948471e-03,-1.315020024776458740e-01,-9.400349855422973633e-02,1.424620002508163452e-01,1.899999999999999911e+00,1.800000000000000000e+02
2.020179927349090576e-01,-4.044489935040473938e-02,-1.576510071754455566e-01,7.796759903430938721e-02,2.231989949941635132e-01,4.959040135145187378e-02,-2.125550061464309692e-03,-1.345569938421249390e-01,8.383049815893173218e-02,1.656730026006698608e-01,2.503520064055919647e-02,-3.884929930791258812e-03,-1.304419934749603271e-01,-1.076039969921112061e-01,1.662079989910125732e-01,1.899999999999999911e+00,1.900000000000000000e+02
1.737429946660995483e-01,-3.973130136728286743e-02,-1.418669968843460083e-01,-8.823130279779434204e-02,2.562200129032135010e-01,8.467839658260345459e-02,-7.989410078153014183e-04,-1.345420032739639282e-01,4.541749879717826843e-02,1.810359954833984375e-01,3.464610129594802856e-02,-3.559109987691044807e-03,-1.293309926986694336e-01,-1.109160035848617554e-01,1.789090037345886230e-01,1.899999999999999911e+00,2.000000000000000000e+02
1.135689988732337952e-01,-2.824899926781654358e-02,-1.275749951601028442e-01,-2.994619905948638916e-01,2.394009977579116821e-01,1.224109977483749390e-01,-2.552600053604692221e-04,-1.336829960346221924e-01,-3.040950000286102295e-02,1.801930069923400879e-01,4.760560020804405212e-02,-3.172359894961118698e-03,-1.282240003347396851e-01,-1.102939993143081665e-01,1.787109971046447754e-01,1.899999999999999911e+00,2.100000000000000000e+02
2.850149869918823242e-01,-2.773750014603137970e-02,-1.617529988288879395e-01,7.193019986152648926e-02,1.166070029139518738e-01,2.121340017765760422e-03,-5.887079983949661255e-03,-1.424880027770996094e-01,1.152909994125366211e-01,2.006459981203079224e-01,9.783609956502914429e-02,5.678560119122266769e-04,-1.264449954032897949e-01,-1.337469965219497681e-01,1.359249949455261230e-01,1.899999999999999911e+00,2.200000000000000000e+02
5.611050128936767578e-02,-8.354620076715946198e-03,-1.177079975605010986e-01,-5.022670030593872070e-01,1.917050033807754517e-01,1.502529978752136230e-01,-7.366589852608740330e-04,-1.323989927768707275e-01,-1.200390011072158813e-01,1.649820059537887573e-01,6.239860132336616516e-02,-2.734499983489513397e-03,-1.271789968013763428e-01,-1.124190017580986023e-01,1.680140048265457153e-01,1.899999999999999911e+00,2.300000000000000000e+02
1.456640008836984634e-02,1.320950035005807877e-02,-1.151650026440620422e-01,-6.169289946556091309e-01,1.293620020151138306e-01,1.604339927434921265e-01,-2.321379957720637321e-03,-1.313229948282241821e-01,-2.044389992952346802e-01,1.381739974021911621e-01,7.713840156793594360e-02,-2.235709922388195992e-03,-1.262979954481124878e-01,-1.214779987931251526e-01,1.512620002031326294e-01,1.899999999999999911e+00,2.400000000000000000e+02
-1.602680049836635590e-02,2.952699922025203705e-02,-1.208190023899078369e-01,-5.909770131111145020e-01,6.918569654226303101e-02,1.535460054874420166e-01,-4.551639780402183533e-03,-1.308880001306533813e-01,-2.660129964351654053e-01,1.045330017805099487e-01,9.012210369110107422e-02,-1.666359952650964260e-03,-1.256749927997589111e-01,-1.356620043516159058e-01,1.333670020103454590e-01,1.899999999999999911e+00,2.500000000000000000e+02
-3.310709819197654724e-02,3.730230033397674561e-02,-1.327909976243972778e-01,-4.258500039577484131e-01,2.480830065906047821e-02,1.326300054788589478e-01,-6.891650147736072540e-03,-1.312679946422576904e-01,-2.876589894294738770e-01,7.404690235853195190e-02,1.002620011568069458e-01,-1.031749998219311237e-03,-1.253760010004043579e-01,-1.520539969205856323e-01,1.179810017347335815e-01,1.899999999999999911e+00,2.600000000000000000e+02
-2.823529951274394989e-02,3.587520122528076172e-02,-1.469060033559799194e-01,-1.865530014038085938e-01,-5.815469776280224323e-04,1.043699979782104492e-01,-8.685070089995861053e-03,-1.324830055236816406e-01,-2.556920051574707031e-01,6.225069984793663025e-02,1.067230030894279480e-01,-3.548169916030019522e-04,-1.253789961338043213e-01,-1.669789999723434448e-01,1.078580021858215332e-01,1.899999999999999911e+00,2.700000000000000000e+02
2.897369908168911934e-03,2.537200041115283966e-02,-1.590050011873245239e-01,4.079860076308250427e-02,-1.045539975166320801e-02,7.398600131273269653e-02,-9.484999813139438629e-03,-1.344580054283142090e-01,-1.741819977760314941e-01,7.597990334033966064e-02,1.089520007371902466e-01,2.653239935170859098e-04,-1.256050020456314087e-01,-1.757470071315765381e-01,1.051120012998580933e-01,1.899999999999999911e+00,2.800000000000000000e+02
6.897690147161483765e-02,8.194190450012683868e-03,-1.665779948234558105e-01,1.841630041599273682e-01,2.183540025725960732e-03,4.481999948620796204e-02,-9.115469641983509064e-03,-1.370809972286224365e-01,-6.673640012741088867e-02,1.099449992179870605e-01,1.070659980177879333e-01,6.981519982218742371e-04,-1.259319931268692017e-01,-1.732449978590011597e-01,1.104039996862411499e-01,1.899999999999999911e+00,2.900000000000000000e+02
3.284179866313934326e-01,-3.684389963746070862e-02,-1.494199931621551514e-01,-1.468610018491744995e-01,1.922349929809570312e-01,-4.235129803419113159e-03,-3.982330206781625748e-03,-1.443549990653991699e-01,1.643330007791519165e-01,2.408950030803680420e-01,9.038940072059631348e-02,2.018609957303851843e-04,-1.267810016870498657e-01,-1.029840037226676941e-01,1.490299999713897705e-01,1.899999999999999911e+00,3.000000000000000000e+02
2.862949967384338379e-01,-3.709150105714797974e-02,-1.345209926366806030e-01,-3.903129994869232178e-01,2.317789942026138306e-01,9.183760266751050949e-04,-2.433510031551122665e-03,-1.450189948081970215e-01,1.722799986600875854e-01,2.630150020122528076e-01,8.473639935255050659e-02,-2.614720142446458340e-04,-1.270329952239990234e-01,-7.497890293598175049e-02,1.576589941978454590e-01,1.899999999999999911e+00,3.100000000000000000e+02
1.914220005273818970e-01,-2.763080038130283356e-02,-1.210699975490570068e-01,-5.986589789390563965e-01,2.143239974975585938e-01,1.298880018293857574e-02,-1.669649966061115265e-03,-1.444029957056045532e-01,1.420139968395233154e-01,2.583220005035400391e-01,8.249489963054656982e-02,-7.347189821302890778e-04,-1.272519975900650024e-01,-5.543500185012817383e-02,1.591649949550628662e-01,1.899999999999999911e+00,3.200000000000000000e+02
9.729900211095809937e-02,-1.094860024750232697e-02,-1.121580004692077637e-01,-7.218070030212402344e-01,1.620370000600814819e-01,2.692870050668716431e-02,-1.791030052118003368e-03,-1.426939964294433594e-01,8.294740319252014160e-02,2.283450067043304443e-01,8.387269824743270874e-02,-1.182949985377490520e-03,-1.275700032711029053e-01,-4.877980053424835205e-02,1.539530009031295776e-01,1.899999999999999911e+00,3.300000000000000000e+02
2.940969914197921753e-02,7.236630190163850784e-03,-1.106880009174346924e-01,-7.001670002937316895e-01,1.014790013432502747e-01,3.750269860029220581e-02,-2.680449979379773140e-03,-1.403979957103729248e-01,9.060700424015522003e-03,1.809079945087432861e-01,8.857920020818710327e-02,-1.613790052942931652e-03,-1.281069964170455933e-01,-5.602480098605155945e-02,1.436669975519180298e-01,1.899999999999999911e+00,3.400000000000000000e+02
-6.292069796472787857e-03,2.107279933989048004e-02,-1.173890009522438049e-01,-5.162379741668701172e-01,5.124130100011825562e-02,4.296470060944557190e-02,-4.163399804383516312e-03,-1.380410045385360718e-01,-6.949330121278762817e-02,1.270810067653656006e-01,9.549629688262939453e-02,-2.038680016994476318e-03,-1.288830041885375977e-01,-7.531780004501342773e-02,1.311810016632080078e-01,1.899999999999999911e+00,3.500000000000000000e+02
-1.836699992418289185e-02,2.769980020821094513e-02,-1.301410049200057983e-01,-2.231310009956359863e-01,1.951470039784908295e-02,4.192350059747695923e-02,-5.757450126111507416e-03,-1.361040025949478149e-01,-1.434890031814575195e-01,7.831799983978271484e-02,1.019549965858459473e-01,-2.470829989761114120e-03,-1.298300027847290039e-01,-1.008860021829605103e-01,1.202540025115013123e-01,1.899999999999999911e+00,3.600000000000000000e+02
5.906829982995986938e-02,2.380359917879104614e-02,-1.435289978981018066e-01,-4.100709855556488037e-01,1.363800019025802612e-01,7.304099854081869125e-03,-5.723829846829175949e-03,-1.193929985165596008e-01,3.453989923000335693e-01,1.209950000047683716e-01,1.006129980087280273e-01,1.337819993495941162e-01,-1.677239984273910522e-01,-1.744550019502639771e-01,1.659719944000244141e-01,2.000000000000000000e+00,0.000000000000000000e+00
-1.014600042253732681e-02,-8.533810265362262726e-03,-1.420949995517730713e-01,-4.460549950599670410e-01,7.983069866895675659e-02,-1.297410018742084503e-02,-4.617189988493919373e-03,-1.162030026316642761e-01,4.081769883632659912e-01,7.862590253353118896e-02,1.461659967899322510e-01,1.254269927740097046e-01,-1.728779971599578857e-01,-1.752469986677169800e-01,1.585569977760314941e-01,2.000000000000000000e+00,1.000000000000000000e+01
-1.150899976491928101e-01,-3.179470077157020569e-02,-1.442490071058273315e-01,-4.241389930248260498e-01,3.360490128397941589e-02,-4.042660072445869446e-02,-3.223689971491694450e-03,-1.134689971804618835e-01,4.389219880104064941e-01,4.692820087075233459e-02,1.865929961204528809e-01,1.107740029692649841e-01,-1.762129962444305420e-01,-1.730069965124130249e-01,1.475359946489334106e-01,2.000000000000000000e+00,2.000000000000000000e+01
-2.122049927711486816e-01,-4.200059920549392700e-02,-1.496119946241378784e-01,-3.296389877796173096e-01,4.009770229458808899e-03,-7.427950203418731689e-02,-1.378649962134659290e-03,-1.110809966921806335e-01,4.234910011291503906e-01,3.065060079097747803e-02,2.209669947624206543e-01,9.235139936208724976e-02,-1.778579950332641602e-01,-1.677390038967132568e-01,1.365740001201629639e-01,2.000000000000000000e+00,3.000000000000000000e+01
-2.520200014114379883e-01,-3.996659815311431885e-02,-1.575089991092681885e-01,-1.835380047559738159e-01,-4.040240019094198942e-04,-1.137769967317581177e-01,5.620159790851175785e-04,-1.090309992432594299e-01,3.607339859008789062e-01,3.087569959461688995e-02,2.483910024166107178e-01,7.286199927330017090e-02,-1.780460029840469360e-01,-1.594830006361007690e-01,1.293130069971084595e-01,2.000000000000000000e+00,4.000000000000000000e+01
-2.135339975357055664e-01,-2.789619937539100647e-02,-1.669709980487823486e-01,-6.687050312757492065e-02,2.465209923684597015e-02,-1.510130017995834351e-01,1.630799961276352406e-03,-1.074540019035339355e-01,2.641919851303100586e-01,4.665390029549598694e-02,2.662929892539978027e-01,5.410170182585716248e-02,-1.769350022077560425e-01,-1.476230025291442871e-01,1.280149966478347778e-01,2.000000000000000000e+00,5.000000000000000000e+01
-1.100659966468811035e-01,-1.171590015292167664e-02,-1.753990054130554199e-01,-3.650879859924316406e-02,7.343029975891113281e-02,-1.741729974746704102e-01,5.839199875481426716e-04,-1.064969971776008606e-01,1.555349975824356079e-01,7.540559768676757812e-02,2.719379961490631104e-01,3.720210120081901550e-02,-1.746490001678466797e-01,-1.315239965915679932e-01,1.334140002727508545e-01,2.000000000000000000e+00,6.000000000000000000e+01
2.114720083773136139e-02,2.439779927954077721e-03,-1.806419938802719116e-01,-9.154649823904037476e-02,1.376159936189651489e-01,-1.713789999485015869e-01,-3.197290003299713135e-03,-1.063039973378181458e-01,5.322949960827827454e-02,1.114270016551017761e-01,2.633669972419738770e-01,2.261839993298053741e-02,-1.711910068988800049e-01,-1.110370010137557983e-01,1.434800028800964355e-01,2.000000000000000000e+00,7.000000000000000000e+01
1.416170001029968262e-01,1.145359966903924942e-02,-1.811940073966979980e-01,-2.058079987764358521e-01,2.019419968128204346e-01,-1.384280025959014893e-01,-8.322499692440032959e-03,-1.069620028138160706e-01,-3.063509985804557800e-02,1.455429941415786743e-01,2.416819930076599121e-01,1.043810043483972549e-02,-1.665630042552947998e-01,-8.668900281190872192e-02,1.547420024871826172e-01,2.000000000000000000e+00,8.000000000000000000e+01
2.218589931726455688e-01,1.320040039718151093e-02,-1.766529977321624756e-01,-3.158569931983947754e-01,2.405910044908523560e-01,-8.239170163869857788e-02,-1.174139976501464844e-02,-1.083180010318756104e-01,-9.198410063982009888e-02,1.673849970102310181e-01,2.095630019903182983e-01,3.554499999154359102e-04,-1.608040034770965576e-01,-5.846979841589927673e-02,1.626430004835128784e-01,2.000000000000000000e+00,9.000000000000000000e+01
-6.829180121421813965e-01,2.843599952757358551e-02,-1.096040010452270508e-01,8.675210177898406982e-02,1.172330044209957123e-02,2.440239936113357544e-01,-2.040410041809082031e-02,-1.593140065670013428e-01,-2.225790023803710938e-01,7.764419913291931152e-02,-4.364300146698951721e-02,-3.806459903717041016e-02,-9.672249853610992432e-02,-6.346979737281799316e-02,1.331949979066848755e-01,2.000000000000000000e+00,1.000000000000000000e+02
2.453850060701370239e-01,7.263219915330410004e-03,-1.680099964141845703e-01,-3.535009920597076416e-01,2.335799932479858398e-01,-1.725240051746368408e-02,-8.545000106096267700e-03,-1.101310029625892639e-01,-1.315139979124069214e-01,1.728850007057189941e-01,1.717689931392669678e-01,-7.665080018341541290e-03,-1.541280001401901245e-01,-2.654879912734031677e-02,1.630530059337615967e-01,2.000000000000000000e+00,1.100000000000000000e+02
2.151470035314559937e-01,-4.192220047116279602e-03,-1.571909934282302856e-01,-3.053199946880340576e-01,1.867190003395080566e-01,3.854100033640861511e-02,4.895959980785846710e-03,-1.124150007963180542e-01,-1.523450016975402832e-01,1.648049950599670410e-01,1.331569999456405640e-01,-1.367519982159137726e-02,-1.468950062990188599e-01,8.555649779736995697e-03,1.536390036344528198e-01,2.000000000000000000e+00,1.200000000000000000e+02
1.566330045461654663e-01,-1.589239947497844696e-02,-1.465920060873031616e-01,-1.879030019044876099e-01,1.202770024538040161e-01,7.219610363245010376e-02,2.863050065934658051e-02,-1.155690029263496399e-01,-1.608140021562576294e-01,1.469479948282241821e-01,9.781529754400253296e-02,-1.769739948213100433e-02,-1.394920051097869873e-01,4.663449898362159729e-02,1.348920017480850220e-01,2.000000000000000000e+00,1.300000000000000000e+02
9.773609787225723267e-02,-2.342559956014156342e-02,-1.384260058403015137e-01,-4.729510098695755005e-02,5.430750176310539246e-02,7.798329740762710571e-02,5.953650176525115967e-02,-1.203180029988288879e-01,-1.640840023756027222e-01,1.210659965872764587e-01,6.745740026235580444e-02,-1.982959918677806854e-02,-1.322910040616989136e-01,8.691470324993133545e-02,1.110550016164779663e-01,2.000000000000000000e+00,1.400000000000000000e+02
5.208230018615722656e-02,-2.442239969968795776e-02,-1.342329978942871094e-01,6.676570326089859009e-02,7.617160212248563766e-03,6.028509885072708130e-02,9.019269794225692749e-02,-1.270550042390823364e-01,-1.690409928560256958e-01,9.065940231084823608e-02,4.272260144352912903e-02,-2.022299915552139282e-02,-1.255390048027038574e-01,1.289730072021484375e-01,8.830370008945465088e-02,2.000000000000000000e+00,1.500000000000000000e+02
2.185600064694881439e-02,-1.796769909560680389e-02,-1.341519951820373535e-01,1.415390074253082275e-01,-1.148129999637603760e-02,3.017590008676052094e-02,1.134750023484230042e-01,-1.355369985103607178e-01,-1.791090071201324463e-01,6.541019678115844727e-02,2.299249917268753052e-02,-1.915789954364299774e-02,-1.193820014595985413e-01,1.730619966983795166e-01,7.281240075826644897e-02,2.000000000000000000e+00,1.600000000000000000e+02
4.320899955928325653e-03,-6.645650137215852737e-03,-1.369650065898895264e-01,1.981119960546493530e-01,-8.219190058298408985e-04,-5.234810058027505875e-03,1.246540024876594543e-01,-1.448670029640197754e-01,-1.932210028171539307e-01,5.586979910731315613e-02,6.942459847778081894e-03,-1.706589944660663605e-02,-1.138869971036911011e-01,2.171220034360885620e-01,6.825839728116989136e-02,2.000000000000000000e+00,1.700000000000000000e+02
-1.593129942193627357e-03,4.328180104494094849e-03,-1.407610028982162476e-01,2.692109942436218262e-01,3.596270084381103516e-02,-4.359979927539825439e-02,1.220839992165565491e-01,-1.539839953184127808e-01,-2.072740048170089722e-01,6.476390361785888672e-02,-6.798699963837862015e-03,-1.447870023548603058e-02,-1.090930029749870300e-01,2.552959918975830078e-01,7.436250150203704834e-02,2.000000000000000000e+00,1.800000000000000000e+02
9.373530047014355659e-04,1.120860036462545395e-02,-1.437759995460510254e-01,3.785870075225830078e-01,8.878169953823089600e-02,-7.704979926347732544e-02,1.080520004034042358e-01,-1.620779931545257568e-01,-2.176759988069534302e-01,8.809269964694976807e-02,-1.936640031635761261e-02,-1.192840002477169037e-02,-1.049880012869834900e-01,2.787050008773803711e-01,8.919149637222290039e-02,2.000000000000000000e+00,1.900000000000000000e+02
7.469340227544307709e-03,1.083160005509853363e-02,-1.451269984245300293e-01,5.205349922180175781e-01,1.495070010423660278e-01,-8.931119740009307861e-02,8.669050037860870361e-02,-1.688089966773986816e-01,-2.238080054521560669e-01,1.204539984464645386e-01,-3.119809925556182861e-02,-1.003010012209415436e-02,-1.015800014138221741e-01,2.788839936256408691e-01,1.092989966273307800e-01,2.000000000000000000e+00,2.000000000000000000e+02
-4.796969890594482422e-01,3.836780041456222534e-02,-1.125679984688758850e-01,-1.588959991931915283e-02,-6.793110165745019913e-03,1.978469938039779663e-01,-2.049620077013969421e-02,-1.552830040454864502e-01,-1.733559966087341309e-01,6.378860026597976685e-02,-4.718510061502456665e-02,-2.967970073223114014e-02,-1.003530025482177734e-01,-7.954269647598266602e-02,1.216550022363662720e-01,2.000000000000000000e+00,2.100000000000000000e+02
1.487519964575767517e-02,2.685900079086422920e-03,-1.445350050926208496e-01,6.624450087547302246e-01,2.083179950714111328e-01,-6.312789767980575562e-02,6.267639994621276855e-02,-1.738049983978271484e-01,-2.283380031585693359e-01,1.573690026998519897e-01,-4.248369857668876648e-02,-9.394870139658451080e-03,-9.886439889669418335e-02,2.520250082015991211e-01,1.302880048751831055e-01,2.000000000000000000e+00,2.200000000000000000e+02
1.546830032020807266e-02,-7.323170080780982971e-03,-1.417849957942962646e-01,7.620159983634948730e-01,2.391809970140457153e-01,3.741639899089932442e-03,3.960460051894187927e-02,-1.766909956932067871e-01,-2.352550029754638672e-01,1.908130049705505371e-01,-5.249119922518730164e-02,-1.042960025370121002e-02,-9.685029834508895874e-02,2.029930055141448975e-01,1.483190059661865234e-01,2.000000000000000000e+00,2.300000000000000000e+02
-1.663010008633136749e-02,-1.226690039038658142e-02,-1.366440057754516602e-01,7.815219759941101074e-01,2.231869995594024658e-01,9.572300314903259277e-02,1.976310089230537415e-02,-1.771990060806274414e-01,-2.464520037174224854e-01,2.100709974765777588e-01,-5.984500050544738770e-02,-1.327329967170953751e-02,-9.552930295467376709e-02,1.425140053033828735e-01,1.602710038423538208e-01,2.000000000000000000e+00,2.400000000000000000e+02
-1.044809967279434204e-01,-9.210930205881595612e-03,-1.298629939556121826e-01,7.062690258026123047e-01,1.745660006999969482e-01,1.864400058984756470e-01,4.188240040093660355e-03,-1.754820048809051514e-01,-2.606100142002105713e-01,2.088910043239593506e-01,-6.331849843263626099e-02,-1.775250025093555450e-02,-9.487640112638473511e-02,8.108600229024887085e-02,1.653320044279098511e-01,2.000000000000000000e+00,2.500000000000000000e+02
-2.682670056819915771e-01,4.221510025672614574e-04,-1.224619969725608826e-01,5.542880296707153320e-01,1.217729970812797546e-01,2.541059851646423340e-01,-6.974190007895231247e-03,-1.721020042896270752e-01,-2.725040018558502197e-01,1.879940032958984375e-01,-6.225619837641716003e-02,-2.313029952347278595e-02,-9.485550224781036377e-02,2.742029912769794464e-02,1.641619950532913208e-01,2.000000000000000000e+00,2.600000000000000000e+02
-4.929380118846893311e-01,1.164800021797418594e-02,-1.154899969696998596e-01,3.753570020198822021e-01,7.760780304670333862e-02,2.866680026054382324e-01,-1.429099962115287781e-02,-1.677339971065521240e-01,-2.749759852886199951e-01,1.539990007877349854e-01,-5.787340179085731506e-02,-2.818059921264648438e-02,-9.550590068101882935e-02,-1.468119956552982330e-02,1.579079926013946533e-01,2.000000000000000000e+00,2.700000000000000000e+02
-6.716729998588562012e-01,2.057489939033985138e-02,-1.105220019817352295e-01,2.137359976768493652e-01,4.170669987797737122e-02,2.839550077915191650e-01,-1.831169985234737396e-02,-1.630759984254837036e-01,-2.617360055446624756e-01,1.142349988222122192e-01,-5.262529850006103516e-02,-3.064510039985179901e-02,-9.698420017957687378e-02,-4.563179984688758850e-02,1.475709974765777588e-01,2.000000000000000000e+00,2.800000000000000000e+02
-6.882280111312866211e-01,2.842530049383640289e-02,-1.090719997882843018e-01,8.445339649915695190e-02,1.118410006165504456e-02,2.541219890117645264e-01,-1.975050009787082672e-02,-1.586170047521591187e-01,-2.299070060253143311e-01,8.018419891595840454e-02,-4.950629919767379761e-02,-2.772790007293224335e-02,-9.962210059165954590e-02,-6.770739704370498657e-02,1.348669975996017456e-01,2.000000000000000000e+00,2.900000000000000000e+02
-8.832210302352905273e-02,5.189549922943115234e-02,-1.188229992985725403e-01,-1.011760011315345764e-01,3.546129912137985229e-03,1.500979959964752197e-01,-1.917639933526515961e-02,-1.514109969139099121e-01,-1.147679984569549561e-01,7.580409944057464600e-02,-5.420000106096267700e-02,-1.209359988570213318e-02,-1.057469993829727173e-01,-9.366030246019363403e-02,1.150249987840652466e-01,2.000000000000000000e+00,3.000000000000000000e+02
2.199510037899017334e-01,6.851120293140411377e-02,-1.270820051431655884e-01,-1.713210046291351318e-01,4.974630102515220642e-02,1.085449978709220886e-01,-1.705420017242431641e-02,-1.473470032215118408e-01,-5.321219936013221741e-02,1.079190000891685486e-01,-6.088719889521598816e-02,1.397429965436458588e-02,-1.130260005593299866e-01,-1.077729985117912292e-01,1.157199963927268982e-01,2.000000000000000000e+00,3.100000000000000000e+02
3.403010070323944092e-01,8.629249781370162964e-02,-1.357669979333877563e-01,-2.174009978771209717e-01,1.147560030221939087e-01,7.635720074176788330e-02,-1.460019964724779129e-02,-1.428029984235763550e-01,7.262819912284612656e-03,1.474779993295669556e-01,-6.212529912590980530e-02,4.506799951195716858e-02,-1.219390034675598145e-01,-1.226510033011436462e-01,1.234119981527328491e-01,2.000000000000000000e+00,3.200000000000000000e+02
3.356499969959259033e-01,9.971129894256591797e-02,-1.431169956922531128e-01,-2.393500059843063354e-01,1.777900010347366333e-01,5.362899973988533020e-02,-1.217320002615451813e-02,-1.377860009670257568e-01,6.690999865531921387e-02,1.820850074291229248e-01,-5.208870023488998413e-02,7.651209831237792969e-02,-1.319389939308166504e-01,-1.376470029354095459e-01,1.359120011329650879e-01,2.000000000000000000e+00,3.300000000000000000e+02
2.657530009746551514e-01,1.011260002851486206e-01,-1.477189958095550537e-01,-2.552630007266998291e-01,2.219319939613342285e-01,3.893150016665458679e-02,-1.002379972487688065e-02,-1.325879991054534912e-01,1.285430043935775757e-01,2.001979947090148926e-01,-2.860810048878192902e-02,1.040059998631477356e-01,-1.422549933195114136e-01,-1.514399945735931396e-01,1.497299969196319580e-01,2.000000000000000000e+00,3.400000000000000000e+02
1.815560013055801392e-01,8.626530319452285767e-02,-1.486220061779022217e-01,-2.858949899673461914e-01,2.285960018634796143e-01,2.957040071487426758e-02,-8.257430046796798706e-03,-1.275839954614639282e-01,1.958629935979843140e-01,1.938450038433074951e-01,7.855219766497612000e-03,1.236900016665458679e-01,-1.520760059356689453e-01,-1.627079993486404419e-01,1.611119955778121948e-01,2.000000000000000000e+00,3.500000000000000000e+02
1.141370013356208801e-01,5.804080143570899963e-02,-1.465599983930587769e-01,-3.450939953327178955e-01,1.938859969377517700e-01,2.051090076565742493e-02,-6.866769865155220032e-03,-1.231440007686614990e-01,2.700529992580413818e-01,1.639409959316253662e-01,5.278379842638969421e-02,1.336539983749389648e-01,-1.607200056314468384e-01,-1.704879999160766602e-01,1.670790016651153564e-01,2.000000000000000000e+00,3.600000000000000000e+02
